player_id,full_name,team_name,now_cost_millions,team_id,element_type,p_start,points_hat,expected_points_raw,expected_points,fixture_multiplier
82,Antoine Semenyo,Bournemouth,7.9,4,3,0.9999999244530015,15.159586430423397,15.159585285162143,18.61402348866033,1.0
53,Donyell Malen,Aston Villa,5.1,2,3,2.855538416712927e-08,9.064097540375913,2.588287873937657e-07,15.569818985586595,1.0
488,Bruno Guimarães Rodriguez Moura,Newcastle,6.5,15,3,0.999966064434717,11.288336321877482,11.287953245803294,14.909225311549365,1.0
582,Mohammed Kudus,Spurs,6.8,18,3,0.9999995165752457,11.023932316454488,11.023926987212716,12.705516925015047,1.0
403,Joško Gvardiol,Man City,5.9,13,2,0.9999997661038512,9.83289161352155,9.83288931364607,12.071457716071864,1.0
151,Jan Paul van Hecke,Brighton,4.4,6,2,0.9999998985090311,7.9870880325036735,7.98708722188637,11.907112756190585,1.0
476,Dan Burn,Newcastle,5.1,15,2,0.9999999533994406,10.314310412198317,10.314309931545681,11.603607579682997,1.0
21,Declan Rice,Arsenal,6.5,1,3,0.9999999173669649,9.70186235524447,9.701861553550138,11.522110810653231,1.0
8,Jurriën Timber,Arsenal,5.9,1,2,0.9999998084916331,10.097193669677164,10.097191735980093,11.125909848823618,1.0
241,Moisés Caicedo Corozo,Chelsea,5.8,7,3,0.9999999365026899,8.43050162191004,8.430501086595864,10.702559065096683,1.0
455,Mason Mount,Man Utd,5.9,14,3,4.4913651668237235e-08,7.375601736490681,3.3126520723638816e-07,10.581834997476427,1.0
419,Jack Grealish,Everton,6.9,9,3,0.9999998103394836,9.454905038256301,9.45490324503413,10.43776686256741,1.0
584,Mathys Tel,Spurs,6.3,18,3,7.364864558219459e-08,5.839174684668134,4.3004730684364623e-07,9.584238083868124,1.0
5,Gabriel dos Santos Magalhães,Arsenal,6.3,1,2,0.9999998677077222,8.223079299718647,8.223078211868755,9.487648410736092,1.0
681,Benjamin Sesko,Man Utd,7.3,14,4,0.9999879988491155,7.756169948146302,7.756076865180468,9.402546834112611,1.0
440,Diogo Dalot Teixeira,Man Utd,4.4,14,2,4.5681176641563994e-07,8.05187468911868,3.678191099693686e-06,9.39058923848977,1.0
328,Ryan Sessegnon,Fulham,5.4,10,3,0.9999999115901004,7.504289151015121,7.504288487561671,9.262599631857938,1.0
408,Rúben dos Santos Gato Alves Dias,Man City,5.5,13,2,0.9999999382209066,7.300973906979669,7.30097345593212,9.218293788498137,1.0
733,Senne Lammens,Man Utd,5.0,14,1,4.863674766766817e-08,3.3123278064645376,1.6110085171561652e-07,9.090313467199657,1.0
698,Noah Okafor,Leeds,5.5,11,3,0.9999735912197105,6.565908848064232,6.565735450420062,8.845547651179219,1.0
633,Hugo Bueno López,Wolves,4.4,20,2,0.9999999171708598,7.642002708528661,7.642002075548147,8.640176519766813,1.0
16,Bukayo Saka,Arsenal,9.9,1,3,1.455878579743905e-07,6.816349710187598,9.9237775351057e-07,8.586641352608579,1.0
238,Estêvão Almeida de Oliveira Gonçalves,Chelsea,6.5,7,3,1.686779800728911e-08,7.305219283855331,1.2322296327902495e-07,8.586641246320111,1.0
684,Malick Thiaw,Newcastle,4.9,15,2,4.545908606790117e-06,6.556896766049585,2.980705344261909e-05,8.392997635222741,1.0
256,Daniel Muñoz Mejía,Crystal Palace,5.6,8,2,0.9999998448980062,7.330297133326233,7.330295996382532,8.380924051062197,1.0
436,Matthijs de Ligt,Man Utd,5.0,14,2,0.9999999129407635,6.615021207919239,6.615020632020543,8.273376878695759,1.0
430,Erling Haaland,Man City,14.5,13,4,0.9999996906486757,8.09412374954551,8.09412124561761,8.233481072045496,1.0
224,Marc Cucurella Saseta,Chelsea,6.1,7,2,0.9999999369663339,6.099873313811466,6.099872929314088,7.608194936737212,1.0
267,Ismaïla Sarr,Crystal Palace,6.5,8,3,2.0263797510373698e-07,6.532302043293097,1.3236924588189166e-06,7.589044552647874,1.0
676,Lesley Ugochukwu,Burnley,5.0,3,3,5.956048040864267e-08,4.768380899229609,2.84007057129511e-07,7.589044474108462,1.0
81,Justin Kluivert,Bournemouth,7.0,4,3,1.752592645797164e-07,5.724303412076962,1.0032372062317694e-06,7.589044158617657,1.0
384,Cody Gakpo,Liverpool,7.5,12,3,0.9999970683148446,5.915666238316078,5.915648895445183,7.4644345524868125,1.0
568,Pedro Porro Sauceda,Spurs,5.6,18,2,0.9999998703600602,5.868055901953443,5.8680551412190285,7.409968690681939,1.0
299,Iliman Ndiaye,Everton,6.5,9,3,0.9999999278887414,6.743674985150456,6.743674498855565,7.370865145152983,1.0
469,Nick Pope,Newcastle,5.1,15,1,0.9999999596752766,6.346501393838444,6.34650113791753,6.942442864359675,1.0
119,Bryan Mbeumo,Man Utd,8.1,14,3,0.9999992639663409,6.167313143204553,6.167308603854494,6.7757306993253525,1.0
205,Josh Cullen,Burnley,5.0,3,3,0.9999999513126422,5.495718129845652,5.495717862273657,6.728157068047132,1.0
266,Eberechi Eze,Arsenal,7.6,1,3,0.9999761693208422,5.636250849677087,5.636116533991436,6.647429730460953,1.0
443,Luke Shaw,Man Utd,4.5,14,2,0.9999999176397504,4.556517854978408,4.55651747970246,6.634249809588143,1.0
736,Gianluigi Donnarumma,Man City,5.7,13,1,0.9999999403400679,5.7936571699077035,5.79365682425851,6.478024927801792,1.0
77,James Hill,Bournemouth,4.0,4,2,1.5338207746739922e-07,3.7972313999154457,5.824272407434717e-07,6.397799164734864,1.0
444,Leny Yoro,Man Utd,4.5,14,2,1.9610234799484065e-08,5.746007324272155,1.1268055278853214e-07,6.397799145234704,1.0
6,William Saliba,Arsenal,6.0,1,2,1.192919940292959e-06,4.6345606901034735,5.52865986172233e-06,6.39779877336247,1.0
478,Kieran Trippier,Newcastle,5.0,15,2,1.1906140416784654e-06,5.108285243595756,6.081996139924008e-06,6.397796289599325,1.0
475,Sven Botman,Newcastle,4.9,15,2,0.9999999010016796,5.935361564245155,5.935360976654329,6.391563981618237,1.0
1,David Raya Martín,Arsenal,5.7,1,1,0.9999999559835667,5.24819332500959,5.248193094002838,6.33227776748205,1.0
7,Riccardo Calafiori,Arsenal,5.7,1,2,0.9999996130365169,5.815294970166293,5.815292719859496,6.240602481973738,1.0
714,Nick Woltemade,Newcastle,7.2,15,4,0.9999997147250023,5.5780658870547395,5.578064295772006,6.168731655703101,1.0
293,Jake O'Brien,Everton,5.0,9,2,0.9999999404087798,4.362320293632201,4.362320033676212,5.881303277566589,1.0
58,Boubacar Kamara,Aston Villa,4.9,2,3,9.035153856180277e-07,3.961832685331825,3.57957678644169e-06,5.593850960316605,1.0
648,Marshall Munetsi,Wolves,5.4,20,3,2.6600508321889147e-06,4.638308138318293,1.2338135423282192e-05,5.593847333760058,1.0
350,Brenden Aaronson,Leeds,5.4,11,3,0.9999991238463346,4.450158130771898,4.45015423174954,5.584244732664965,1.0
47,Morgan Rogers,Aston Villa,6.9,2,3,0.9999998895698545,4.214685743693546,4.214685278265186,5.494321945759358,1.0
228,Malo Gusto,Chelsea,4.9,7,2,3.0589256808990625e-08,4.679625868210556,1.431462774526884e-07,5.400202318456278,1.0
407,Matheus Nunes,Man City,5.3,13,2,2.962817295586469e-06,4.806405314773907,1.4240500796210859e-05,5.400202022691875,1.0
411,Nico O'Reilly,Man City,4.9,13,2,0.9999998925343252,5.0537112450059904,5.053710701905501,5.399780499699515,1.0
291,James Tarkowski,Everton,5.5,9,2,0.9999999556881181,4.451997048516402,4.451996851240034,5.304240163330835,1.0
74,Adrien Truffert,Bournemouth,4.5,4,2,0.9999999567802756,5.031446583296586,5.0314463658388515,5.301343721176665,1.0
499,Alexander Isak,Liverpool,10.6,12,4,1.8695753218063917e-07,3.9090279568497333,7.308222200377521e-07,5.2896835564542375,1.0
515,Morgan Gibbs-White,Nott'm Forest,7.4,16,3,0.9999957500763063,3.6659786094378277,3.665963029308475,4.888415785724421,1.0
646,João Victor Gomes da Silva,Wolves,5.4,20,3,0.9999997929441586,3.9193796849729288,3.9193788734424704,4.856712721479488,1.0
295,Michael Keane,Everton,4.5,9,2,0.9999999258545567,4.418611861711962,4.418611534092026,4.740284238268899,1.0
192,Quilindschy Hartman,Burnley,4.0,3,2,0.9999999078592146,4.400392331276131,4.400391925820525,4.734363334398043,1.0
271,Daichi Kamada,Crystal Palace,5.0,8,3,0.9999998967804014,4.078252393984021,4.078251973028446,4.652585904694988,1.0
90,Alex Scott,Bournemouth,5.0,4,3,2.321610437934202e-06,3.7098004387953,8.612711421360051e-06,4.596256615647141,1.0
457,Carlos Henrique Casimiro,Man Utd,5.5,14,3,2.512321102173871e-07,3.0713390918769945,7.716190012454108e-07,4.596254238660494,1.0
585,Rodrigo Bentancur,Spurs,5.3,18,3,5.603870303647736e-07,3.7169548580313685,2.0829332948921174e-06,4.596254134596688,1.0
391,Ben Gannon-Doak,Bournemouth,4.9,4,3,2.1460887495021046e-08,2.6990643416466504,5.792431617790181e-08,4.59625406384824,1.0
727,Samuel Chukwueze,Fulham,5.4,10,3,2.8966978211446833e-08,2.800253236316059,8.111487448290075e-08,4.596254054933265,1.0
304,Tim Iroegbunam,Everton,4.9,9,3,1.0289958751010631e-07,2.1590443327569666,2.2216477125672456e-07,4.596254008162424,1.0
722,Florentino Ibrain Morris Luís,Burnley,5.0,3,3,0.9999999061747277,3.8583986689913776,3.858398306976072,4.525458425309692,1.0
708,Mateus Gonçalo Espanha Fernandes,West Ham,5.5,19,3,0.9999996731931655,3.6138404990789432,3.6138393180511694,4.517195728318663,1.0
695,Jackson Tchatchoua,Wolves,4.5,20,2,1.5871553462790618e-06,3.578798925011807,5.680109847090249e-06,4.402605724085402,1.0
41,Pau Torres,Aston Villa,4.4,2,2,1.782089224445018e-08,3.7727063905084504,6.723299405519968e-08,4.402605516511595,1.0
292,Vitalii Mykolenko,Everton,4.9,9,2,4.193914134870065e-06,4.126808046224457,1.7307478596956264e-05,4.402604618153725,1.0
180,Stefanos Tzimas,Brighton,5.3,6,4,2.240613305173481e-08,3.0358415950220747,6.802147070205543e-08,4.292086996379656,1.0
225,Reece James,Chelsea,5.4,7,2,0.9999997891539247,3.5768352846450426,3.576834530483361,4.129464802991538,1.0
20,Leandro Trossard,Arsenal,6.9,1,3,0.9999935712381219,3.47207911249435,3.472056791324514,4.11876778899893,1.0
84,Marcus Tavernier,Bournemouth,5.5,4,3,0.9999993783295621,3.564862529427585,3.5648603132579355,4.015302631431217,1.0
26,Martín Zubimendi Ibáñez,Arsenal,5.5,1,3,0.9999999465231624,3.516877059104605,3.5168768710331415,3.9446009190555364,1.0
354,Ethan Ampadu,Leeds,4.9,11,3,0.9999997703727647,2.7674441792364193,2.7674435437558635,3.8522699351788146,1.0
342,Jayden Bogle,Leeds,4.5,11,2,0.9999999302519365,3.24180451104363,3.241804284934043,3.8000789761576614,1.0
329,Harry Wilson,Fulham,5.3,10,3,0.9999911872200459,3.2084306935719202,3.2084024183782196,3.7792564835598497,1.0
606,Konstantinos Mavropanos,West Ham,4.4,19,2,0.9999998052849867,2.78587295702822,2.78587241457693,3.7377976699207887,1.0
511,Felipe Rodrigues da Silva,Nott'm Forest,4.4,16,2,0.9999998952483565,3.731245462937566,3.7312450720834716,3.7328619786151114,1.0
491,Sandro Tonali,Newcastle,5.4,15,3,0.9999999352455373,3.1055056170253845,3.105505415930037,3.711064865447193,1.0
427,Tijjani Reijnders,Man City,5.8,13,3,0.9999997805202088,2.906786803362249,2.906786165381288,3.7038930767553224,1.0
449,Bruno Borges Fernandes,Man Utd,9.0,14,3,0.9999998039532938,3.2333269233548867,3.233326289471793,3.697201301021678,1.0
452,Amad Diallo,Man Utd,6.3,14,3,0.9999118298518801,2.219522037151142,2.219326341564371,3.640041918130272,1.0
415,Sávio Moreira de Oliveira,Man City,6.9,13,3,6.253000505155276e-08,2.130031212948731,1.331908625056492e-07,3.5986572919541517,1.0
424,Oscar Bobb,Man City,5.5,13,3,2.3418333669014913e-08,2.6863181303192114,6.290909431693958e-08,3.5986572633228167,1.0
486,Anthony Elanga,Newcastle,6.8,15,3,2.1252773765285128e-08,3.0343159377650686,6.448763015771999e-08,3.5986572625672095,1.0
490,Joelinton Cássio Apolinário de Lira,Newcastle,5.9,15,3,1.0286218237033605e-06,2.0094544610635094,2.0669687123880007e-06,3.598657261098892,1.0
485,Anthony Gordon,Newcastle,7.4,15,3,3.9484292789117233e-08,2.7604270912902367,1.0899351149551495e-07,3.598657246302669,1.0
663,Jhon Arias,Wolves,5.2,20,3,7.661387693393341e-07,3.002454937535861,2.3002971308405317e-06,3.59865708923402,1.0
643,André Trindade da Costa Neto,Wolves,5.4,20,3,1.8673335689903087e-07,2.3413196113422385,4.372024705994705e-07,3.5986565081258983,1.0
423,Nico González Iglesias,Man City,5.9,13,3,3.6194751968979088e-06,3.319532542473482,1.2014965702778222e-05,3.598656367793165,1.0
273,Adam Wharton,Crystal Palace,5.0,8,3,1.3695087978813907e-06,3.2543294763728148,4.456832849097309e-06,3.598655599557134,1.0
257,Maxence Lacroix,Crystal Palace,5.1,8,2,0.9999999633383503,3.659917850558858,3.6599177163802317,3.547408409607704,1.0
603,El Hadji Malick Diouf,West Ham,4.4,19,2,0.9999998073948295,3.0061389674374115,3.006138388439503,3.5397824408833234,1.0
287,Jordan Pickford,Everton,5.5,9,1,0.9999999558434167,3.2423540626434404,3.2423539194721633,3.448140084024499,1.0
505,Nikola Milenković,Nott'm Forest,5.3,16,2,0.9999999497612005,3.159027607798686,3.1590274490929318,3.4418825282628784,1.0
260,Marc Guéhi,Crystal Palace,4.9,8,2,0.9999999387881153,3.1435700470209325,3.1435698545970854,3.418167801983728,1.0
668,Granit Xhaka,Sunderland,5.0,17,3,0.9999999131258706,3.2833278300155126,3.2833275447792656,3.4110007533381617,1.0
510,Jair Paula da Cunha Filho,Nott'm Forest,4.3,16,2,3.445240818341127e-08,0.6703677083717786,2.3095781921802524e-08,3.405008715494618,1.0
531,Daniel Ballard,Sunderland,4.6,17,2,3.231075507589388e-07,2.26566441851271,7.32053281107317e-07,3.405008591155167,1.0
54,John McGinn,Aston Villa,5.4,2,3,0.999999935202869,2.646472772161863,2.6464726006780204,3.403411905479785,1.0
261,Chris Richards,Crystal Palace,4.5,8,2,0.9999999651749357,3.3504592355072096,3.3504591188272514,3.39984220214643,1.0
335,Josh King,Fulham,4.5,10,3,0.9999909096101518,2.6690855109009854,2.6690612478731532,3.3665738080792322,1.0
502,Matz Sels,Nott'm Forest,4.9,16,1,0.9999999240944866,2.762699417223412,2.762699207519294,3.2948844669818578,1.0
414,Phil Foden,Man City,8.1,13,3,0.9999986534017994,3.2735709629232463,3.273566554738478,3.283097331537977,1.0
627,Sam Johnstone,Wolves,4.5,20,1,0.9999984582933762,3.0658350335174203,3.0658303068992416,3.2616833837979797,1.0
101,Caoimhín Kelleher,Brentford,4.5,5,1,0.9999999408960717,2.640978633719299,2.640978477627087,3.2488102619910353,1.0
317,Joachim Andersen,Fulham,4.5,10,2,0.9999999499248936,3.581657178269604,3.5816569989177394,3.2080804440873383,1.0
694,Nordi Mukiele,Sunderland,4.0,17,2,0.999999948207783,2.6444636501298544,2.6444635131672194,3.1976780875452873,1.0
67,Đorđe Petrović,Bournemouth,4.5,4,1,0.999999959687954,3.0532229154628734,3.0532227923812107,3.1916194460531924,1.0
660,Anton Stach,Leeds,5.0,11,3,0.9999999207326514,2.3391083350880564,2.3391081496731405,3.1791437146476405,1.0
110,Michael Kayode,Brentford,4.5,5,2,0.9999999490906412,2.6775537402088836,2.6775536038963392,3.135237972099655,1.0
237,Enzo Fernández,Chelsea,6.7,7,3,0.9999995366442709,2.5554839872793416,2.5554828031811954,2.9354915516012468,1.0
209,Josh Laurent,Burnley,4.9,3,3,0.9999993204911425,2.6973749261718507,2.6973730932816964,2.90149409409753,1.0
390,Ryan Gravenberch,Liverpool,5.7,12,3,0.9999999440279874,2.6322798590773173,2.632279711743316,2.837267013555101,1.0
324,Alex Iwobi,Fulham,6.5,10,3,0.9999994079932498,2.1140497093882145,2.114048457856516,2.7896568914268722,1.0
129,Yehor Yarmoliuk,Brentford,5.0,5,3,0.9999999129042096,1.8690983026115278,1.8690981398209339,2.783259496080816,1.0
565,Guglielmo Vicario,Spurs,5.1,18,1,0.999999955534044,3.1961377981596213,3.1961376560402983,2.7581689534831266,1.0
574,Destiny Udogie,Spurs,4.4,18,2,0.9999997122790762,2.4259785450994116,2.4259778470946234,2.7490270356956943,1.0
113,Sepp van den Berg,Brentford,4.5,5,2,0.9999995532576962,2.4475518731016375,2.447550779676675,2.677434323117283,1.0
381,Mohamed Salah,Liverpool,14.4,12,3,0.9999996628979702,2.6208852959876654,2.620884412481912,2.659285808841298,1.0
160,Yankuba Minteh,Brighton,6.0,6,3,0.9999995024221209,2.4839153838796912,2.4839141479383424,2.6476047308581823,1.0
72,Marcos Senesi Barón,Bournemouth,5.0,4,2,0.9999999249274859,2.40034464035802,2.400344460158113,2.6218496588986486,1.0
669,Dan Ndoye,Nott'm Forest,5.9,16,3,0.9999989862422572,2.018921635986327,2.0189195892888865,2.621405679769899,1.0
86,David Brooks,Bournemouth,5.0,4,3,3.3401315625865906e-07,1.508565376989022,5.038806829906371e-07,2.6010605434812004,1.0
717,Xavi Simons,Spurs,7.0,18,3,7.149695254722913e-07,1.8228959312337225,1.303315038939545e-06,2.6010605357884407,1.0
162,Brajan Gruda,Brighton,5.4,6,3,1.1153600388175727e-07,2.058440550380224,2.2959023321757524e-07,2.601060522656458,1.0
386,Alexis Mac Allister,Liverpool,6.3,12,3,5.895125511899914e-07,1.8564570978910493,1.0944047599525202e-06,2.601060507724074,1.0
588,Wilson Odobert,Spurs,5.3,18,3,3.250831104012685e-08,2.015169174320304,6.550974631728005e-08,2.6010604469656284,1.0
718,Soungoutou Magassa,West Ham,5.0,19,3,4.8312516200817054e-08,2.1493859702079625,1.0384224450748107e-07,2.601060445413713,1.0
453,Alejandro Garnacho Ferreyra,Chelsea,6.4,7,3,3.904559465646105e-08,0.9370443032191988,3.658745203864282e-08,2.601060444998973,1.0
331,Tom Cairney,Fulham,4.9,10,3,4.457110586535926e-08,1.1749065196868875,5.2366882870865063e-08,2.6010604419965278,1.0
169,Diego Gómez Amarilla,Brighton,4.9,6,3,2.6340604686451227e-07,1.394147472017812,3.672268743503651e-07,2.6010602499346547,1.0
547,Enzo Le Fée,Sunderland,4.9,17,3,3.541176067541167e-07,1.949850951911022,6.904765526179675e-07,2.6010595975007753,1.0
121,Mikkel Damsgaard,Brentford,5.8,5,3,3.812691345536818e-06,2.1825471414836586,8.321378597560866e-06,2.6010589532993684,1.0
236,Pedro Lomba Neto,Chelsea,7.0,7,3,2.973713825605521e-06,2.326525011049582,6.9184195909751795e-06,2.6010562435346523,1.0
36,Matty Cash,Aston Villa,4.6,2,2,0.9999999445215089,2.7370562965119887,2.737056144664235,2.5947980298734628,1.0
166,Yasin Ayari,Brighton,4.9,6,3,0.9999999380499088,2.9260880648543766,2.9260878835829542,2.590182329470323,1.0
493,Sean Longstaff,Leeds,4.9,11,3,0.9999998733973532,2.0702666292580214,2.0702663671567865,2.5622159903310724,1.0
302,Idrissa Gana Gueye,Everton,5.4,9,3,0.9999999199386935,2.044847704508244,2.0448475407950655,2.541246033550288,1.0
330,Sander Berge,Fulham,4.9,10,3,0.9999999533362178,2.215793017494811,2.2157929140975283,2.4688033986754427,1.0
106,Nathan Collins,Brentford,4.9,5,2,0.9999998769631433,2.542426635229666,2.5424263224174846,2.4608605998277415,1.0
38,Ezri Konsa Ngoyo,Aston Villa,4.5,2,2,0.999999950120773,1.6254874250197824,1.6254873439417261,2.432334634573027,1.0
108,Kristoffer Ajer,Brentford,4.4,5,2,1.4107420038196684e-06,1.733832481487795,2.44599030922172e-06,2.407412840389968,1.0
44,Lamare Bogarde,Aston Villa,4.0,2,2,1.2029293571501106e-06,1.721778046810672,2.0711773590051346e-06,2.407411909862865,1.0
320,Issa Diop,Fulham,4.4,10,2,4.4571118401667544e-08,0.5883297914840179,2.6222516795462538e-08,2.4074118990283786,1.0
233,Josh Acheampong,Chelsea,3.9,7,2,2.9313757987080666e-08,1.1882280917545136,3.4831430715142493e-08,2.407411890669639,1.0
116,Aaron Hickey,Brentford,4.0,5,2,1.4063870900489614e-07,2.0592361952812674,2.8960832004051163e-07,2.4074118177008073,1.0
283,Jean-Philippe Mateta,Crystal Palace,7.5,8,4,0.9999998877129177,2.6780237870416737,2.678023486334196,2.3779274369751664,1.0
85,Tyler Adams,Bournemouth,5.0,4,3,0.9999999611834964,2.8310439836372896,2.8310438737460606,2.3480030458705055,1.0
64,Ollie Watkins,Aston Villa,8.7,2,4,0.9999999304885783,2.3706034040936204,2.3706032393096073,2.332870558489648,1.0
625,Niclas Füllkrug,West Ham,5.7,19,4,7.278244216944338e-07,2.0641865681444647,1.502365395229163e-06,2.2968939964529227,1.0
654,Jørgen Strand Larsen,Wolves,6.4,20,4,1.9208438880270694e-07,1.883692976523572,3.618280140874821e-07,2.2968930581564377,1.0
97,Francisco Evanilson de Lima Barbosa,Bournemouth,7.0,4,4,0.9999995448887371,2.6092385819420127,2.6092373944481464,2.2670747507171853,1.0
685,Bafodé Diakité,Bournemouth,4.5,4,2,0.9999970078468854,2.1206905544007286,2.120684208969881,2.253643631754353,1.0
136,Igor Thiago Nascimento Rodrigues,Brentford,6.1,5,4,0.9999997348667832,1.8782325115719285,1.8782320135901007,2.243022054350804,1.0
624,Jarrod Bowen,West Ham,7.7,19,4,0.9999996406683324,2.4627336556520723,2.4627327707138806,2.2000976989495635,1.0
525,Chris Wood,Nott'm Forest,7.3,16,4,0.9999986384520585,1.8348329175524503,1.8348304193394684,2.1861697781006617,1.0
148,Ferdi Kadıoğlu,Brighton,4.4,6,2,0.9999998258171453,1.8844103046861658,1.8844099764541995,2.185505535308884,1.0
249,João Pedro Junqueira de Jesus,Chelsea,7.7,7,4,0.9999999394162945,2.1417010228050883,2.1417008930529042,2.1842669630520684,1.0
575,Micky van de Ven,Spurs,4.8,18,2,0.9999999370723485,1.7013802734701065,1.7013801664062416,2.184065924845357,1.0
709,Ladislav Krejcí,Wolves,4.5,20,2,0.999999809890437,1.9912068282038617,1.991206449656402,2.1755795010357266,1.0
691,Dominic Calvert-Lewin,Leeds,5.5,11,4,0.9999800384345626,2.226678408845246,2.2266339608584795,2.1187131261083993,1.0
367,Giorgi Mamardashvili,Liverpool,4.3,12,1,3.445240818341127e-08,0.6360510144461504,2.191348917517159e-08,2.1071357754986177,1.0
666,Viktor Gyökeres,Arsenal,9.1,1,4,0.999999690647716,2.144252717458542,2.1442520541290664,2.0792695893267736,1.0
670,Robin Roefs,Sunderland,4.6,17,1,0.9999999547709284,2.111640215192459,2.1116401196849326,2.042621998621777,1.0
600,Alphonse Areola,West Ham,4.3,19,1,0.9999989906735971,2.00048225546091,2.000480236321351,1.9888163388066742,1.0
489,Jacob Murphy,Newcastle,6.2,15,3,0.9999927580482704,1.5340697529370906,1.53405864327799,1.8752519911219867,1.0
470,Martin Dúbravka,Burnley,4.0,3,1,0.9999999389736511,1.7287415584190586,1.7287414529202731,1.8451397866926607,1.0
553,Chemsdine Talbi,Sunderland,5.0,17,3,0.9999996521149144,2.190161375978897,2.1901606140544194,1.8391152324033901,1.0
314,Bernd Leno,Fulham,5.0,10,1,0.9999999469507649,2.0997976386752115,2.099797527282553,1.825811331061088,1.0
303,James Garner,Everton,5.0,9,3,0.9999999085239301,1.2918420425329613,1.2918419243603283,1.8252492668199993,1.0
517,Elliot Anderson,Nott'm Forest,5.4,16,3,0.9999999036456737,1.2897190991255647,1.2897189748555498,1.7932952686209394,1.0
253,Dean Henderson,Crystal Palace,5.0,8,1,0.9999999597551749,2.2837983451019728,2.283798253190908,1.747320600284029,1.0
220,Robert Lynch Sánchez,Chelsea,4.9,7,1,0.9999999520724917,1.672376895513401,1.6723768153605436,1.7380028305649244,1.0
382,Florian Wirtz,Liverpool,8.1,12,3,0.9999993496649336,1.7320446158690574,1.7320434894597072,1.7190429951125656,1.0
552,Noah Sadiki,Sunderland,5.0,17,3,0.999999857107829,1.511195870944618,1.5111956550065593,1.7110101999960516,1.0
210,Loum Tchaouna,Burnley,4.9,3,3,0.999997651635946,1.5655499847334338,1.5655463082521248,1.7104527638343412,1.0
615,Crysencio Summerville,West Ham,5.5,19,3,0.9999937345714242,1.586447716366957,1.5864377765921007,1.6999085334116906,1.0
32,Emiliano Martínez Romero,Aston Villa,5.0,2,1,0.999999939627518,2.1652292045277868,2.1652290738075255,1.6962729713680615,1.0
612,Lucas Tolentino Coelho de Lima,West Ham,5.9,19,3,0.9999999040971376,1.087315006851654,1.0873149025750324,1.6841963541586966,1.0
373,Virgil van Dijk,Liverpool,6.1,12,2,0.999999961552069,1.328475341899077,1.3284752908219486,1.656027502299504,1.0
343,Pascal Struijk,Leeds,4.5,11,2,0.9999999482323993,1.4990772112518678,1.4990771336482374,1.6115898462541152,1.0
450,Matheus Santos Carneiro da Cunha,Man Utd,8.0,14,3,1.2195118835522642e-06,1.7166401448663389,2.0934630564473805e-06,1.603464496948736,1.0
421,Rodrigo 'Rodri' Hernandez Cascante,Man City,6.4,13,3,1.869370112049708e-06,1.5271691756329264,2.854844412971784e-06,1.6034638578947402,1.0
693,Omari Hutchinson,Nott'm Forest,5.5,16,3,2.62880281488823e-07,1.2448393514843812,3.2724371912657796e-07,1.6034637714774653,1.0
593,Pape Matar Sarr,Spurs,5.0,18,3,1.5873378935074515e-07,1.3592771176171388,2.1576320765712695e-07,1.6034637152190276,1.0
734,Dilane Bakwa,Nott'm Forest,6.0,16,3,2.5439345778548577e-07,0.7191958556167858,1.829587205353451e-07,1.60346368845849,1.0
22,Mikel Merino Zazón,Arsenal,5.9,1,3,1.4853427794309458e-07,1.4418286920016634,2.141609836841036e-07,1.603463679593255,1.0
731,Kevin Santos Lopes de Macedo,Fulham,6.0,10,3,2.543021128904078e-07,0.9232610129310871,2.3478722633771357e-07,1.603463659069046,1.0
543,Simon Adingra,Sunderland,5.2,17,3,1.3295858698278634e-07,1.505590663708255,2.0018120722112504e-07,1.6034636546674184,1.0
644,Jean-Ricner Bellegarde,Wolves,5.3,20,3,1.305461845028024e-07,1.1129960673525,1.4529738995949294e-07,1.603463652349685,1.0
239,Jamie Bynoe-Gittens,Chelsea,6.2,7,3,3.9045391350458484e-08,1.6450578115044479,6.423192604431993e-08,1.6034636456160536,1.0
458,Kobbie Mainoo,Man Utd,4.8,14,3,1.1891659036222943e-07,1.212828438705244,1.4422542262517377e-07,1.6034636425947877,1.0
301,Carlos Alcaraz Durán,Everton,5.3,9,3,3.7633237308681785e-08,0.8401235374831261,3.16165684547117e-08,1.6034636371756128,1.0
487,Harvey Barnes,Newcastle,6.4,15,3,6.513944987320489e-08,1.7914134326485691,1.1669168549819736e-07,1.6034636367287018,1.0
642,Hwang Hee-chan,Wolves,5.9,20,3,2.3439035869304928e-08,1.0963978399668675,2.569850829801185e-08,1.6034636362888817,1.0
202,Jacob Bruun Larsen,Burnley,5.3,3,3,3.600283492418103e-08,1.45205840745065,5.227821914371494e-08,1.6034636342550357,1.0
352,Jack Harrison,Leeds,5.2,11,3,2.8864347521974493e-08,1.443314073274109,4.166031899434044e-08,1.60346363131951,1.0
325,Emile Smith Rowe,Fulham,5.7,10,3,1.3737670976115183e-08,1.0568358832808162,1.4518463640263921e-08,1.6034636312693338,1.0
522,Ryan Yates,Nott'm Forest,4.8,16,3,3.4452482457177025e-08,0.8184085592392466,2.8196206529993666e-08,1.6034636310100736,1.0
623,Freddie Potts,West Ham,4.4,19,3,2.7763921789870364e-08,1.1010074265862104,3.056828408180598e-08,1.6034636304926644,1.0
87,Ryan Christie,Bournemouth,5.0,4,3,2.4881110187373328e-08,0.8560139806347644,2.1298578174105633e-08,1.6034636297027967,1.0
392,Endo Wataru,Liverpool,4.9,12,3,3.445240818341127e-08,0.703506261130833,2.4237484868064977e-08,1.6034636287166668,1.0
707,Tyler Dibling,Everton,5.5,9,3,2.239588120604381e-08,0.7543664901798615,1.6894702299888393e-08,1.603463627849755,1.0
123,Fábio Freitas Gouveia Carvalho,Brentford,4.9,5,3,5.474931277013284e-07,1.139812069692791,6.240392750278306e-07,1.6034636278218501,1.0
244,Roméo Lavia,Chelsea,4.9,7,3,2.050294665423865e-08,0.7404298829799308,1.518099439194169e-08,1.6034636275970933,1.0
55,Ross Barkley,Aston Villa,4.8,2,3,3.445240818341127e-08,0.3618912175790468,1.246802394602502e-08,1.6034636272953589,1.0
128,Frank Onyeka,Brentford,4.9,5,3,2.7636083358576575e-08,1.1608809900682062,3.2082203810911853e-08,1.6034636271581424,1.0
59,Amadou Onana,Aston Villa,4.8,2,3,3.445216940005014e-08,0.4054820255289611,1.3969735432199225e-08,1.6034636271324914,1.0
358,Tanaka Ao,Leeds,4.9,11,3,3.751560249387074e-08,0.6154238559584229,2.3087996745381357e-08,1.6034636246004697,1.0
170,James Milner,Brighton,5.0,6,3,3.267924435773639e-08,0.918751882380098,3.0024117268429505e-08,1.6034636228916384,1.0
497,Lewis Miley,Newcastle,4.4,15,3,9.553939681514573e-08,1.236694931429985,1.1815308779316878e-07,1.603463622242881,1.0
516,Callum Hudson-Odoi,Nott'm Forest,5.9,16,3,3.349190596961269e-08,0.8156485546961066,2.7317624698132495e-08,1.6034636217911877,1.0
125,Vitaly Janelt,Brentford,4.9,5,3,3.240514486532318e-08,0.9558411708985504,3.0974171611207654e-08,1.6034636196315493,1.0
580,Brennan Johnson,Spurs,6.9,18,3,2.4475048760182597e-08,0.8700411393221377,2.129429930827414e-08,1.6034636191224028,1.0
388,Curtis Jones,Liverpool,5.4,12,3,1.8758285932744487e-07,1.2573798326665615,2.3586290427225777e-07,1.6034636022307058,1.0
272,Jefferson Lerma Solís,Crystal Palace,4.9,8,3,1.281601153765487e-07,1.06132468312367,1.3601949384110854e-07,1.603463601042988,1.0
173,Mats Wieffer,Brighton,4.9,6,3,1.5117135882884643e-07,0.533232370854157,8.060946207355028e-08,1.603463599322763,1.0
276,Justin Devenny,Crystal Palace,4.5,8,3,1.503770910822788e-07,1.2632508654877743,1.8996399045922257e-07,1.60346359726138,1.0
25,Ethan Nwaneri,Arsenal,5.2,1,3,3.149465975887358e-07,1.1189092148061117,3.523966502138688e-07,1.6034635462874007,1.0
17,Martin Ødegaard,Arsenal,7.9,1,3,1.737950646294324e-07,0.7780642874609285,1.3522373312512533e-07,1.6034635385154696,1.0
326,Adama Traoré Diarra,Fulham,5.3,10,3,5.99682034601785e-07,0.571939218486901,3.4298167421077965e-07,1.603463528459692,1.0
19,Gabriel Martinelli Silva,Arsenal,6.9,1,3,8.964622335209044e-07,0.8090333816749988,7.252678723293398e-07,1.6034634924363278,1.0
126,Mathias Jensen,Brentford,4.9,5,3,1.1410075488919899e-06,0.7784392417321959,8.88205051170192e-07,1.603463251012339,1.0
712,Yéremy Pino Santos,Crystal Palace,5.9,8,3,0.9999853080763828,1.4065427896371507,1.406522124817921,1.6027805756438582,1.0
387,Dominik Szoboszlai,Liverpool,6.5,12,3,0.9999999226185063,0.9316766574855464,0.931676585391015,1.5586290040580395,1.0
418,Jérémy Doku,Man City,6.6,13,3,0.99999946581186,1.5414892914837253,1.541488468038428,1.558216486745014,1.0
673,João Maria Lobo Alves Palhares Costa Palhinha Gonçalves,Spurs,5.5,18,3,0.999999922344543,1.3303588915392104,1.3303587882295826,1.5446165010272306,1.0
374,Ibrahima Konaté,Liverpool,5.5,12,2,0.9999999553253405,1.366306272710868,1.3663062116716003,1.519252569523965,1.0
120,Kevin Schade,Brentford,7.0,5,3,0.9999996834648481,1.1178288484389383,1.117828494606814,1.5112305576637417,1.0
459,Manuel Ugarte Ribeiro,Man Utd,4.8,14,3,0.9999997311868621,1.2555935553118291,1.2555932177917857,1.5067847162315562,1.0
631,Emmanuel Agbadou,Wolves,4.4,20,2,0.9999995208233772,1.755633001440899,1.7556321601826064,1.4958955868925607,1.0
371,Milos Kerkez,Liverpool,5.8,12,2,0.9999999472888098,1.3616802060123705,1.361680134236586,1.495660604254483,1.0
441,Patrick Dorgu,Man Utd,4.4,14,2,0.9999999416605666,1.3309599026223424,1.3309598249748957,1.4874381563167132,1.0
200,Jaidon Anthony,Burnley,5.7,3,3,0.9999997467685999,1.9413159387555052,1.941315447153352,1.4593836359879013,1.0
677,Evann Guessand,Aston Villa,6.3,2,3,0.999999790033241,0.46663674970181923,0.4666366517236133,1.4547839043540787,1.0
332,Saša Lukić,Fulham,5.0,10,3,0.9999996912749558,1.5796539958639737,1.579653508185224,1.4467329091269017,1.0
158,Georginio Rutter,Brighton,5.7,6,3,0.9999997792473944,0.8965925649468737,0.8965923670217287,1.4411130759365998,1.0
187,Kyle Walker,Burnley,4.4,3,2,0.999999951590331,1.2733807290548893,1.2733806674109496,1.418184757717374,1.0
721,Veljko Milosavljevic,Bournemouth,4.5,4,2,8.089525357674855e-07,1.6503914971371028,1.3350883866181561e-06,1.4098152599039917,1.0
145,Maxim De Cuyper,Brighton,4.4,6,2,2.774690538002541e-07,1.1153749145548586,3.094820221740759e-07,1.4098151080285382,1.0
682,David Møller Wolfe,Wolves,4.4,20,2,4.4555863591423164e-08,0.7086156169485779,3.1572980767513006e-08,1.409815087243472,1.0
570,Kevin Danso,Spurs,4.3,18,2,4.455682846678699e-08,0.8894480298660685,3.963098329686405e-08,1.4098150848385367,1.0
724,Lutsharel Geertruida,Sunderland,4.5,17,2,2.8655325852334088e-08,1.2772841536790496,3.660099362969594e-08,1.4098150834106322,1.0
198,Axel Tuanzebe,Burnley,3.9,3,2,4.8669453996793626e-08,0.41147881270499614,2.002644914560107e-08,1.4098150819257875,1.0
199,Joe Worrall,Burnley,3.9,3,2,4.8670571144909886e-08,0.6096481894554817,2.9671925578258522e-08,1.4098150815410448,1.0
719,Victor Lindelöf,Aston Villa,4.5,2,2,2.6556396797751072e-08,0.9149157911912971,2.429686678740445e-08,1.4098150801778033,1.0
10,Myles Lewis-Skelly,Arsenal,5.2,1,2,2.1316670259068503e-08,1.0587066354162995,2.256810024825711e-08,1.4098150792065844,1.0
294,Séamus Coleman,Everton,4.4,9,2,3.7633248456742357e-08,0.38721997921485934,1.4572345685207412e-08,1.4098150789082569,1.0
229,Benoît Badiashile Mukinayi,Chelsea,4.4,7,2,2.4789424403273287e-08,0.6049914333536006,1.4997389401747032e-08,1.4098150788202464,1.0
706,James Justin,Leeds,4.0,11,2,4.867056492981672e-08,0.5661905913448007,2.7556815938698443e-08,1.4098150781839165,1.0
39,Ian Maatsen,Aston Villa,4.3,2,2,3.646743429281049e-08,1.0839522041061378,3.952895577978769e-08,1.4098150780532577,1.0
716,Nicolò Savona,Nott'm Forest,4.5,16,2,3.742398794760062e-08,0.6885768062159797,2.576929009682415e-08,1.409815069430488,1.0
610,Aaron Wan-Bissaka,West Ham,4.3,19,2,4.86702217261678e-08,0.7139764324514596,3.4749391274670806e-08,1.4098150581173898,1.0
672,Jorrel Hato,Chelsea,4.8,7,2,1.7236019335683947e-07,1.1223258238186995,1.934442960027652e-07,1.4098149683110672,1.0
372,Andrew Robertson,Liverpool,5.8,12,2,6.450328116711659e-07,0.5327384327069157,3.4363376913423204e-07,1.4098149268401778,1.0
713,Álex Jiménez Sánchez,Bournemouth,4.5,4,2,1.6114446838871788e-06,0.60521577056118,9.75271736075496e-07,1.4098148940523103,1.0
319,Timothy Castagne,Fulham,4.4,10,2,1.3015903771122972e-06,0.9651008899737025,1.256166031332285e-06,1.4098148663323178,1.0
636,Santiago Ignacio Bueno,Wolves,4.4,20,2,8.991906957834822e-07,1.2890331880973274,1.159086649293236e-06,1.4098147608492095,1.0
442,Harry Maguire,Man Utd,4.4,14,2,1.7079801264209761e-06,0.771392576004282,1.317523189483996e-06,1.4098145099645643,1.0
634,Yerson Mosquera Valdelamar,Wolves,4.4,20,2,5.0451032767191375e-06,1.773464423929498,8.947311176311529e-06,1.4098123604986417,1.0
348,Joe Rodon,Leeds,4.1,11,2,0.999999853002702,1.1326367884327904,1.1326366219382429,1.404270065849686,1.0
258,Tyrick Mitchell,Crystal Palace,5.0,8,2,0.9999999514452279,1.7957222174343992,1.7957221302435162,1.3953203340288005,1.0
416,Bernardo Mota Veiga de Carvalho e Silva,Man City,6.3,13,3,0.9999997871367452,1.16260379331218,1.1626035458365525,1.3919896743886961,1.0
569,Cristian Romero,Spurs,5.1,18,2,0.9999999517702162,1.1093271922377896,1.1093271387351789,1.2993573371371399,1.0
720,Tolu Arokodare,Wolves,5.5,20,4,8.43688484274228e-07,0.9139058163715043,7.710518129838754e-07,1.299296882442873,1.0
284,Eddie Nketiah,Crystal Palace,5.4,8,4,8.217914895454867e-07,0.6646901097994764,5.462366754182649e-07,1.2992966169000986,1.0
526,Igor Jesus Maciel da Cruz,Nott'm Forest,5.8,16,4,6.151265952136564e-08,0.702032490297297,4.3183885548594055e-08,1.299296584367386,1.0
365,Lukas Nmecha,Leeds,5.0,11,4,4.754426786194347e-08,1.11999393730108,5.324929175879527e-08,1.2992965797359584,1.0
252,Marc Guiu Paz,Chelsea,4.3,7,4,3.445240818341127e-08,0.8455105233079474,2.912987367237507e-08,1.2992965794529192,1.0
561,Eliezer Mayenda Dossou,Sunderland,5.5,17,4,7.688312740004752e-08,0.8360278331423506,6.4276434405469e-08,1.2992965746284806,1.0
178,Danny Welbeck,Brighton,6.3,6,4,2.0530594614304368e-08,1.4375204666826318,2.9513149951226744e-08,1.2992965718159204,1.0
626,Callum Marshall,West Ham,4.4,19,4,4.8669453996793626e-08,0.490711280382656,2.3882650086291373e-08,1.2992965716765505,1.0
730,Brian Brobbey,Sunderland,5.5,17,4,2.8947287952809042e-08,0.8185390732757334,2.3694486254738114e-08,1.2992965711079743,1.0
500,William Osula,Newcastle,5.5,15,4,2.3775323545484582e-08,1.0150149492540574,2.413230882201883e-08,1.2992965704304011,1.0
215,Zian Flemming,Burnley,5.3,3,4,4.8670572321193824e-08,0.5555607237160664,2.7039458382437588e-08,1.2992965699585226,1.0
680,Armando Broja,Burnley,5.3,3,4,3.018826002822147e-08,0.8099520487878422,2.4451043059198106e-08,1.2992965694925982,1.0
362,Joël Piroe,Leeds,5.2,11,4,4.866910226047933e-08,0.3725498499391121,1.8131666743812876e-08,1.2992965692366143,1.0
310,Thierno Barry,Everton,5.7,9,4,3.17550581171052e-08,1.229451967847891,3.904131869119913e-08,1.2992965677291073,1.0
732,Christantus Uche,Crystal Palace,5.5,8,4,4.257394329628006e-08,0.923964345183811,3.9336805639640104e-08,1.299296565718195,1.0
661,Hugo Ekitiké,Liverpool,8.7,12,4,2.767726867151378e-07,1.4556870682291745,4.028944208902707e-07,1.2992964896419317,1.0
139,Bart Verbruggen,Brighton,4.4,6,1,0.9999999334529608,1.2753370698688458,1.2753369849989398,1.2938350687544997,1.0
311,Norberto Bercique Gomes Betuncal,Everton,5.3,9,4,0.9999558945499989,1.316245931969033,1.3161878783498913,1.2714069007616071,1.0
532,Trai Hume,Sunderland,4.5,17,2,0.9999999499738309,1.4259699210343229,1.4259698496985105,1.2675699159396037,1.0
597,Richarlison de Andrade,Spurs,6.8,18,4,0.9999998018671259,1.1987007684887288,1.1987005309867003,1.2615513662080906,1.0
318,Calvin Bassey,Fulham,4.5,10,2,0.9999999573502918,1.0604982231419164,1.0604981779119766,1.2535923087332748,1.0
146,Lewis Dunk,Brighton,4.5,6,2,0.9999999489427024,1.7866782730364954,1.786678181813531,1.1981202697182933,1.0
124,Jordan Henderson,Brentford,5.0,5,3,0.9999999497879236,0.9229415691764971,0.9229415228336845,1.1830030366977335,1.0
560,Wilson Isidor,Sunderland,5.6,17,4,0.9999993813812232,1.8197930275883256,1.819791901830189,1.1716186635701697,1.0
217,Lyle Foster,Burnley,5.0,3,4,0.999999945843147,1.8993741923948615,1.8993740895307325,1.1460878335845952,1.0
605,Maximilian Kilman,West Ham,4.4,19,2,0.999999948005756,0.7456395152124338,0.7456394764434708,1.146074925264219,1.0
341,Karl Darlow,Leeds,4.0,11,1,0.999999895546853,1.8616397555291888,1.8616395610750578,1.1118725915112704,1.0
37,Lucas Digne,Aston Villa,4.5,2,2,0.99999991698786,1.367564557492147,1.3675644439676864,1.0928783669068707,1.0
191,Maxime Estève,Burnley,4.0,3,2,0.999999941150936,1.1715153640060825,1.1715152950635,1.032172473460588,1.0
659,Kyle Walker-Peters,West Ham,4.4,19,2,0.9999999410501909,0.8058951942940686,0.8058951467867007,1.0005357764299534,1.0
347,Gabriel Gudmundsson,Leeds,4.0,11,2,0.9999999371699977,2.0220796141858886,2.0220794871386216,0.9856126471381292,1.0
375,Conor Bradley,Liverpool,5.0,12,2,0.9999571311998825,0.8795558506138579,0.8795181451099058,0.7049248241858473,1.0
190,Hjalmar Ekdal,Burnley,4.0,3,2,0.9999998429469155,0.4934707657637725,0.49347068826266666,0.6769213500425797,1.0
242,Kiernan Dewsbury-Hall,Everton,5.0,9,3,0.9999995660193142,1.5237057696012455,1.5237051083423705,0.6249817113058278,1.0
645,Fer López González,Wolves,5.3,20,3,2.834449696391614e-06,0.6938972262092704,1.9668167821558495e-06,0.6058680337554825,1.0
521,Ibrahim Sangaré,Nott'm Forest,4.9,16,3,1.3033594607605752e-06,0.8643219352896822,1.126522171502697e-06,0.6058674620582026,1.0
697,Amine Adli,Bournemouth,5.5,4,3,8.80328334119693e-07,0.8613175201452601,7.582422176575819e-07,0.6058670883337438,1.0
613,Tomáš Souček,West Ham,5.7,19,3,1.8748917992647455e-06,0.6406311857102576,1.201114156441412e-06,0.6058670590524698,1.0
544,Habib Diarra,Sunderland,5.4,17,3,3.7210708471266957e-07,1.090940991276538,4.0594687185746245e-07,0.6058668791679326,1.0
48,Youri Tielemans,Aston Villa,5.9,2,3,5.123254156448561e-08,0.57579358132404,2.9499368587747903e-08,0.6058668317497458,1.0
619,Luis Guilherme Lira dos Santos,West Ham,4.9,19,3,9.351643621975683e-08,0.6974767771690635,6.522554254689227e-08,0.6058668298929801,1.0
50,Emiliano Buendía Stati,Aston Villa,5.3,2,3,8.094158669457136e-08,0.25254226025401655,2.0441171252393484e-08,0.6058668283951587,1.0
686,Rio Ngumoha,Liverpool,4.5,12,3,2.8777798035166518e-08,1.3390835777932248,3.853587675394162e-08,0.6058668258318178,1.0
52,Jacob Ramsey,Newcastle,5.3,15,3,4.634755375510975e-08,0.27611326821660814,1.2797174541168283e-08,0.6058668211882684,1.0
356,Ilia Gruev,Leeds,4.9,11,3,2.3244672290348967e-07,0.4067726950876385,9.4552979939742e-08,0.60586682023735,1.0
519,Nicolás Domínguez,Nott'm Forest,5.0,16,3,3.113272247827488e-08,0.884297730388448,2.7530595828351894e-08,0.6058668194466211,1.0
164,Matt O'Riley,Brighton,5.5,6,3,5.088743644514157e-08,0.5091957244435293,2.591166506575792e-08,0.6058668159750848,1.0
353,Daniel James,Leeds,5.3,11,3,6.689798415778742e-08,0.1412054725139674,9.446361463232277e-09,0.6058668151707848,1.0
417,Rayan Cherki,Man City,6.3,13,3,4.7358133105399174e-08,0.18987696766143966,8.992218708160035e-09,0.6058668145777165,1.0
494,Joe Willock,Newcastle,5.0,15,3,2.699163502045975e-07,1.2545052098827447,3.38611467564203e-07,0.6058668145584056,1.0
456,Jadon Sancho,Aston Villa,5.9,2,3,3.9398544066948056e-08,-0.10982839586572768,-4.327078894318087e-09,0.6058668143348489,1.0
163,Jack Hinshelwood,Brighton,5.2,6,3,4.7358107341858736e-08,0.21179500260167797,1.0030210467679516e-08,0.6058668143225933,1.0
699,Douglas Luiz Soares de Paulo,Nott'm Forest,5.0,16,3,5.3542516314905836e-08,0.15190577805086122,8.133417599616703e-09,0.6058668143029398,1.0
327,Andreas Hoelgebaum Pereira,Fulham,5.3,10,3,6.126771264511807e-08,0.0189386031922478,1.160324898282554e-09,0.6058668136308267,1.0
333,Martial Godo,Fulham,4.5,10,3,6.126771264511807e-08,0.0189386031922478,1.160324898282554e-09,0.6058668136308267,1.0
334,Luke Harris,Fulham,4.5,10,3,6.126771264511807e-08,0.0189386031922478,1.160324898282554e-09,0.6058668136308267,1.0
336,Harrison Reed,Fulham,4.4,10,3,6.126771264511807e-08,0.0189386031922478,1.160324898282554e-09,0.6058668136308267,1.0
88,Lewis Cook,Bournemouth,4.9,4,3,4.7358476255684524e-08,0.26039698062152794,1.2332004223816573e-08,0.6058668135844056,1.0
279,Matheus França de Oliveira,Crystal Palace,4.5,8,3,4.9836133626427964e-08,0.019283305076239116,9.610053685386293e-10,0.6058668134726695,1.0
280,David Ozoh,Crystal Palace,4.5,8,3,4.9836133626427964e-08,0.019283305076239116,9.610053685386293e-10,0.6058668134726695,1.0
278,Jesurun Rak-Sakyi,Crystal Palace,4.4,8,3,4.9836133626427964e-08,0.019283305076239116,9.610053685386293e-10,0.6058668134726695,1.0
277,Malcolm Ebiowei,Crystal Palace,4.5,8,3,4.9836133626427964e-08,0.019283305076239116,9.610053685386293e-10,0.6058668134726695,1.0
274,Asher Agbinone,Crystal Palace,4.5,8,3,4.9836133626427964e-08,0.019283305076239116,9.610053685386293e-10,0.6058668134726695,1.0
275,Naouirou Ahamada,Crystal Palace,4.4,8,3,4.9836133626427964e-08,0.019283305076239116,9.610053685386293e-10,0.6058668134726695,1.0
281,Kaden Rodney,Crystal Palace,4.5,8,3,4.9836133626427964e-08,0.019283305076239116,9.610053685386293e-10,0.6058668134726695,1.0
690,Rio Cardines,Crystal Palace,4.4,8,3,4.9836133626427964e-08,0.019283305076239116,9.610053685386293e-10,0.6058668134726695,1.0
282,Franco Umeh-Chibueze,Crystal Palace,4.5,8,3,4.9836133626427964e-08,0.019283305076239116,9.610053685386293e-10,0.6058668134726695,1.0
268,Cheick Doucouré,Crystal Palace,4.9,8,3,4.9836133626427964e-08,0.019283305076239116,9.610053685386293e-10,0.6058668134726695,1.0
735,Bertrand Traoré,Sunderland,5.5,17,3,1.2127413664753035e-07,0.46168970186215114,5.599101999238806e-08,0.6058668134112404,1.0
171,Jeremy Sarmiento Morante,Brighton,4.9,6,3,4.207675023739189e-08,0.019283305076239116,8.113788114443444e-10,0.6058668134003243,1.0
177,Andrew Moran,Brighton,4.5,6,3,4.207675023739189e-08,0.019283305076239116,8.113788114443444e-10,0.6058668134003243,1.0
165,Abdallah Sima,Brighton,5.4,6,3,4.207675023739189e-08,0.019283305076239116,8.113788114443444e-10,0.6058668134003243,1.0
161,Julio Enciso Espínola,Brighton,5.4,6,3,4.207675023739189e-08,0.019283305076239116,8.113788114443444e-10,0.6058668134003243,1.0
159,Solly March,Brighton,5.8,6,3,4.207675023739189e-08,0.019283305076239116,8.113788114443444e-10,0.6058668134003243,1.0
174,Malick Yalcouyé,Brighton,5.0,6,3,4.207675023739189e-08,0.019283305076239116,8.113788114443444e-10,0.6058668134003243,1.0
175,Joe Knight,Brighton,4.5,6,3,4.207675023739189e-08,0.019283305076239116,8.113788114443444e-10,0.6058668134003243,1.0
172,Tom Watson,Brighton,4.9,6,3,4.207675023739189e-08,0.019283305076239116,8.113788114443444e-10,0.6058668134003243,1.0
176,Adrian Mazilu,Brighton,4.5,6,3,4.207675023739189e-08,0.019283305076239116,8.113788114443444e-10,0.6058668134003243,1.0
351,Wilfried Gnonto,Leeds,5.2,11,3,5.350331629369309e-08,0.010707305961666472,5.728763775203869e-10,0.6058668133599497,1.0
702,Bradley Burrowes,Aston Villa,4.5,2,3,3.787609529629373e-08,0.005032471272907242,1.906103615084953e-10,0.6058668130435839,1.0
309,Jenson Metcalfe,Everton,4.5,9,3,4.137302962445563e-08,0.00022753776624546786,9.413926743556201e-12,0.6058668129566961,1.0
704,Tyler Onyango,Everton,4.5,9,3,4.137302962445563e-08,0.00022753776624546786,9.413926743556201e-12,0.6058668129566961,1.0
307,Coby Ebere,Everton,4.4,9,3,4.137302962445563e-08,0.00022753776624546786,9.413926743556201e-12,0.6058668129566961,1.0
306,Callum Bates,Everton,4.5,9,3,4.137302962445563e-08,0.00022753776624546786,9.413926743556201e-12,0.6058668129566961,1.0
308,Isaac Heath,Everton,4.5,9,3,4.137302962445563e-08,0.00022753776624546786,9.413926743556201e-12,0.6058668129566961,1.0
305,Harrison Armstrong,Everton,4.5,9,3,4.137302962445563e-08,0.00022753776624546786,9.413926743556201e-12,0.605866812955369,1.0
63,Kadan Young,Aston Villa,4.4,2,3,4.207675023739189e-08,0.005032471272907242,2.1175003682696765e-10,0.6058668129137086,1.0
56,Enzo Barrenechea,Aston Villa,5.0,2,3,4.207675023739189e-08,0.005032471272907242,2.1175003682696765e-10,0.6058668129137086,1.0
62,Jamaldeen Jimoh-Aloba,Aston Villa,4.5,2,3,4.207675023739189e-08,0.005032471272907242,2.1175003682696765e-10,0.6058668129137086,1.0
61,Leander Dendoncker,Aston Villa,4.5,2,3,4.207675023739189e-08,0.005032471272907242,2.1175003682696765e-10,0.6058668129137086,1.0
60,Ben Broggio,Aston Villa,4.5,2,3,4.207675023739189e-08,0.005032471272907242,2.1175003682696765e-10,0.6058668129137086,1.0
49,Leon Bailey,Aston Villa,5.5,2,3,4.207675023739189e-08,0.005032471272907242,2.1175003682696765e-10,0.6058668129137086,1.0
57,Lewis Dobbin,Aston Villa,5.0,2,3,4.207675023739189e-08,0.005032471272907242,2.1175003682696765e-10,0.6058668129137086,1.0
51,Samuel Iling-Junior,Aston Villa,5.5,2,3,4.207675023739189e-08,0.005032471272907242,2.1175003682696765e-10,0.6058668129137086,1.0
96,Ben Winterburn,Bournemouth,4.5,4,3,4.207675023739189e-08,0.005032471272907242,2.1175003682696765e-10,0.6058668128971092,1.0
89,Philip Billing,Bournemouth,4.9,4,3,4.207675023739189e-08,0.005032471272907242,2.1175003682696765e-10,0.6058668128971092,1.0
91,Luis Sinisterra Lucumí,Bournemouth,5.0,4,3,4.207675023739189e-08,0.005032471272907242,2.1175003682696765e-10,0.6058668128971092,1.0
95,Zain Silcott-Duberry,Bournemouth,4.4,4,3,4.207675023739189e-08,0.005032471272907242,2.1175003682696765e-10,0.6058668128971092,1.0
94,Dominic Sadi,Bournemouth,4.5,4,3,4.207675023739189e-08,0.005032471272907242,2.1175003682696765e-10,0.6058668128971092,1.0
93,Hamed Traorè,Bournemouth,4.5,4,3,4.207675023739189e-08,0.005032471272907242,2.1175003682696765e-10,0.6058668128971092,1.0
687,Remy Rees-Dottin,Bournemouth,4.4,4,3,4.207675023739189e-08,0.005032471272907242,2.1175003682696765e-10,0.6058668128971092,1.0
92,Romain Faivre,Bournemouth,4.5,4,3,4.207675023739189e-08,0.005032471272907242,2.1175003682696765e-10,0.6058668128971092,1.0
587,Yves Bissouma,Spurs,5.2,18,3,4.898351731684203e-08,0.0004962946187464691,2.4310256051623182e-11,0.6058668128663478,1.0
583,Dejan Kulusevski,Spurs,6.4,18,3,4.898351731684203e-08,0.0004962946187464691,2.4310256051623182e-11,0.6058668128663478,1.0
594,Yang Min-hyeok,Spurs,4.5,18,3,4.898351731684203e-08,0.0004962946187464691,2.4310256051623182e-11,0.6058668128663478,1.0
595,Callum Olusesi,Spurs,4.4,18,3,4.898351731684203e-08,0.0004962946187464691,2.4310256051623182e-11,0.6058668128663478,1.0
581,James Maddison,Spurs,6.9,18,3,4.898351731684203e-08,0.0004962946187464691,2.4310256051623182e-11,0.6058668128663478,1.0
579,Son Heung-min,Spurs,8.5,18,3,4.898351731684203e-08,0.0004962946187464691,2.4310256051623182e-11,0.6058668128663478,1.0
592,Mikey Moore,Spurs,5.0,18,3,4.898351731684203e-08,0.0004962946187464691,2.4310256051623182e-11,0.6058668128663478,1.0
589,Manor Solomon,Spurs,5.4,18,3,4.898351731684203e-08,0.0004962946187464691,2.4310256051623182e-11,0.6058668128663478,1.0
590,Bryan Gil Salvatierra,Spurs,4.9,18,3,4.898351731684203e-08,0.0004962946187464691,2.4310256051623182e-11,0.6058668128663478,1.0
554,Abdoullah Ba,Sunderland,4.4,17,3,5.350595131646988e-08,0.00015159273475515029,8.111113485739603e-12,0.6058668128355968,1.0
201,Manuel Benson Hedilazio,Burnley,5.4,3,3,5.350595131646988e-08,0.00015159273475515029,8.111113485739603e-12,0.6058668128355968,1.0
212,Oluwaseun Adewumi,Burnley,4.5,3,3,5.350595131646988e-08,0.00015159273475515029,8.111113485739603e-12,0.6058668128355968,1.0
555,Alan Browne,Sunderland,4.5,17,3,5.350595131646988e-08,0.00015159273475515029,8.111113485739603e-12,0.6058668128355968,1.0
556,Pierre Ekwah Elimby,Sunderland,4.5,17,3,5.350595131646988e-08,0.00015159273475515029,8.111113485739603e-12,0.6058668128355968,1.0
557,Harrison Jones,Sunderland,4.4,17,3,5.350595131646988e-08,0.00015159273475515029,8.111113485739603e-12,0.6058668128355968,1.0
550,Ian Poveda-Ocampo,Sunderland,4.8,17,3,5.350595131646988e-08,0.00015159273475515029,8.111113485739603e-12,0.6058668128355968,1.0
548,Romaine Mundle,Sunderland,4.9,17,3,5.350595131646988e-08,0.00015159273475515029,8.111113485739603e-12,0.6058668128355968,1.0
558,Jay Matete,Sunderland,4.4,17,3,5.350595131646988e-08,0.00015159273475515029,8.111113485739603e-12,0.6058668128355968,1.0
559,Nectarios Triantis,Sunderland,4.4,17,3,5.350595131646988e-08,0.00015159273475515029,8.111113485739603e-12,0.6058668128355968,1.0
546,Milan Aleksić,Sunderland,4.9,17,3,5.350595131646988e-08,0.00015159273475515029,8.111113485739603e-12,0.6058668128355968,1.0
213,Jaydon Banel,Burnley,4.5,3,3,5.350595131646988e-08,0.00015159273475515029,8.111113485739603e-12,0.6058668128355968,1.0
214,Mike Trésor Ndayishimiye,Burnley,4.4,3,3,5.350595131646988e-08,0.00015159273475515029,8.111113485739603e-12,0.6058668128355968,1.0
203,Enock Agyei,Burnley,4.8,3,3,5.350595131646988e-08,0.00015159273475515029,8.111113485739603e-12,0.6058668128355968,1.0
204,Darko Churlinov,Burnley,4.9,3,3,5.350595131646988e-08,0.00015159273475515029,8.111113485739603e-12,0.6058668128355968,1.0
206,Marcus Edwards,Burnley,4.8,3,3,5.350595131646988e-08,0.00015159273475515029,8.111113485739603e-12,0.6058668128355968,1.0
208,Luca Koleosho,Burnley,5.0,3,3,5.350595131646988e-08,0.00015159273475515029,8.111113485739603e-12,0.6058668128355968,1.0
211,Aaron Ramsey,Burnley,4.4,3,3,5.350595131646988e-08,0.00015159273475515029,8.111113485739603e-12,0.6058668128355968,1.0
463,Sékou Koné,Man Utd,4.4,14,3,5.944003805679707e-08,0.00468776938891592,2.786411908786506e-10,0.6058668128272594,1.0
462,Jack Fletcher,Man Utd,4.4,14,3,5.944003805679707e-08,0.00468776938891592,2.786411908786506e-10,0.6058668128272594,1.0
464,Jack Moorhouse,Man Utd,4.5,14,3,5.944003805679707e-08,0.00468776938891592,2.786411908786506e-10,0.6058668128272594,1.0
451,Marcus Rashford,Man Utd,7.0,14,3,5.944003805679707e-08,0.00468776938891592,2.786411908786506e-10,0.6058668128272594,1.0
454,Antony dos Santos,Man Utd,5.9,14,3,5.944003805679707e-08,0.00468776938891592,2.786411908786506e-10,0.6058668128272594,1.0
460,Toby Collyer,Man Utd,4.5,14,3,5.944003805679707e-08,0.00468776938891592,2.786411908786506e-10,0.6058668128272594,1.0
461,Jayce Fitzgerald,Man Utd,4.4,14,3,5.944003805679707e-08,0.00468776938891592,2.786411908786506e-10,0.6058668128272594,1.0
617,Maxwel Cornet,West Ham,4.9,19,3,5.350586252170212e-08,-0.0030832050401147864,-1.6496954500260083e-10,0.6058668127910746,1.0
616,Edson Álvarez Velázquez,West Ham,4.9,19,3,5.350586252170212e-08,-0.0030832050401147864,-1.6496954500260083e-10,0.6058668127910746,1.0
618,Guido Rodríguez,West Ham,4.9,19,3,5.350586252170212e-08,-0.0030832050401147864,-1.6496954500260083e-10,0.6058668127910746,1.0
620,George Earthy,West Ham,4.5,19,3,5.350586252170212e-08,-0.0030832050401147864,-1.6496954500260083e-10,0.6058668127910746,1.0
622,Lewis Orford,West Ham,4.4,19,3,5.350586252170212e-08,-0.0030832050401147864,-1.6496954500260083e-10,0.6058668127910746,1.0
524,Marko Stamenić,Nott'm Forest,4.5,16,3,3.7875958286128776e-08,-0.023036339808387676,-8.725234456475794e-10,0.6058668127342491,1.0
523,Eric da Silva Moreira,Nott'm Forest,4.5,16,3,3.7875958286128776e-08,-0.023036339808387676,-8.725234456475794e-10,0.6058668127342491,1.0
518,João Pedro Ferreira da Silva,Nott'm Forest,5.4,16,3,3.7875958286128776e-08,-0.023036339808387676,-8.725234456475794e-10,0.6058668127342491,1.0
520,Lewis O'Brien,Nott'm Forest,5.0,16,3,3.7875958286128776e-08,-0.023036339808387676,-8.725234456475794e-10,0.6058668127342491,1.0
743,Landon Emenalo,Chelsea,4.5,7,3,3.7875958286128776e-08,-0.030199683188334978,-1.14384194069568e-09,0.6058668127338751,1.0
245,Mykhailo Mudryk,Chelsea,5.0,7,3,3.7875958286128776e-08,-0.030199683188334978,-1.14384194069568e-09,0.6058668127338751,1.0
247,Dário Luís Essugo,Chelsea,4.4,7,3,3.7875958286128776e-08,-0.030199683188334978,-1.14384194069568e-09,0.6058668127338751,1.0
240,Christopher Nkunku,Chelsea,5.9,7,3,3.7875958286128776e-08,-0.030199683188334978,-1.14384194069568e-09,0.6058668127338751,1.0
248,Kendry Páez Andrade,Chelsea,4.5,7,3,3.7875958286128776e-08,-0.030199683188334978,-1.14384194069568e-09,0.6058668127338751,1.0
23,Fábio Ferreira Vieira,Arsenal,5.4,1,3,4.7358476255684524e-08,0.00489872762113693,2.3199627572867925e-10,0.6058668124220654,1.0
28,Ismeal Kabia,Arsenal,4.5,1,3,4.7358476255684524e-08,0.00489872762113693,2.3199627572867925e-10,0.6058668124220654,1.0
29,Albert Sambi Lokonga,Arsenal,4.5,1,3,4.7358476255684524e-08,0.00489872762113693,2.3199627572867925e-10,0.6058668124220654,1.0
711,Andre Harriman-Annous,Arsenal,4.5,1,3,4.7358476255684524e-08,0.00489872762113693,2.3199627572867925e-10,0.6058668124220654,1.0
24,Christian Nørgaard,Arsenal,5.3,1,3,4.7358476255684524e-08,0.00489872762113693,2.3199627572867925e-10,0.6058668124220654,1.0
394,James McConnell,Liverpool,4.4,12,3,4.207675023739189e-08,-0.003933221168307885,-1.6549716472731359e-10,0.6058668123426836,1.0
395,Tyler Morton,Liverpool,4.5,12,3,4.207675023739189e-08,-0.003933221168307885,-1.6549716472731359e-10,0.6058668123426836,1.0
396,Trey Nyoni,Liverpool,4.4,12,3,4.207675023739189e-08,-0.003933221168307885,-1.6549716472731359e-10,0.6058668123426836,1.0
393,Stefan Bajčetić Maquieira,Liverpool,4.4,12,3,4.207675023739189e-08,-0.003933221168307885,-1.6549716472731359e-10,0.6058668123426836,1.0
383,Luis Díaz Marulanda,Liverpool,8.0,12,3,4.207675023739189e-08,-0.003933221168307885,-1.6549716472731359e-10,0.6058668123426836,1.0
650,Tawanda Chirewa,Wolves,4.4,20,3,4.898334012751825e-08,-0.014099241068576738,-6.906279208019682e-10,0.6058668123106973,1.0
647,Gonçalo Manuel Ganchinho Guedes,Wolves,5.5,20,3,4.898334012751825e-08,-0.014099241068576738,-6.906279208019682e-10,0.6058668123106973,1.0
651,Tom Edozie,Wolves,4.4,20,3,4.898334012751825e-08,-0.014099241068576738,-6.906279208019682e-10,0.6058668123106973,1.0
652,Enso González Medina,Wolves,4.4,20,3,4.898334012751825e-08,-0.014099241068576738,-6.906279208019682e-10,0.6058668123106973,1.0
653,Joe Hodge,Wolves,4.5,20,3,4.898334012751825e-08,-0.014099241068576738,-6.906279208019682e-10,0.6058668123106973,1.0
649,Boubacar Traoré,Wolves,5.0,20,3,4.898334012751825e-08,-0.014099241068576738,-6.906279208019682e-10,0.6058668123106973,1.0
127,Gustavo Nunes Fernandes Gomes,Brentford,4.9,5,3,4.898334012751825e-08,-0.016989336959455353,-8.321944708260183e-10,0.605866812283753,1.0
134,Ryan Trevitt,Brentford,4.5,5,3,4.898334012751825e-08,-0.016989336959455353,-8.321944708260183e-10,0.605866812283753,1.0
131,Yunus Emre Konak,Brentford,4.4,5,3,4.898334012751825e-08,-0.016989336959455353,-8.321944708260183e-10,0.605866812283753,1.0
130,Romelle Donovan,Brentford,4.5,5,3,4.898334012751825e-08,-0.016989336959455353,-8.321944708260183e-10,0.605866812283753,1.0
27,Reiss Nelson,Brentford,4.9,5,3,4.898334012751825e-08,-0.016989336959455353,-8.321944708260183e-10,0.605866812283753,1.0
133,Myles Peart-Harris,Brentford,4.4,5,3,4.898334012751825e-08,-0.016989336959455353,-8.321944708260183e-10,0.605866812283753,1.0
132,Paris Maghoma,Brentford,4.5,5,3,4.898334012751825e-08,-0.016989336959455353,-8.321944708260183e-10,0.605866812283753,1.0
122,Antoni Milambo,Brentford,5.3,5,3,4.898334012751825e-08,-0.016989336959455353,-8.321944708260183e-10,0.605866812283753,1.0
355,Sam Greenwood,Leeds,4.9,11,3,5.3505757768031383e-08,-0.014099241068576738,-7.54390577328347e-10,0.6058668122389,1.0
357,Largie Ramazani,Leeds,4.9,11,3,5.3505757768031383e-08,-0.014099241068576738,-7.54390577328347e-10,0.6058668122389,1.0
360,Joe Gelhardt,Leeds,4.5,11,3,5.3505757768031383e-08,-0.014099241068576738,-7.54390577328347e-10,0.6058668122389,1.0
361,Darko Gyabi,Leeds,4.5,11,3,5.3505757768031383e-08,-0.014099241068576738,-7.54390577328347e-10,0.6058668122389,1.0
359,Charlie Crew,Leeds,4.5,11,3,5.3505757768031383e-08,-0.014099241068576738,-7.54390577328347e-10,0.6058668122389,1.0
269,Romain Esse,Crystal Palace,4.8,8,3,5.6091863925035725e-08,0.15736535471909072,8.826916063418215e-09,0.6058668120772202,1.0
300,Dwight McNeil,Everton,5.6,9,3,4.1372867708893576e-08,-0.10866503359408816,-4.495784059470686e-09,0.6058668120420047,1.0
492,Antoñito Cordero Campillo,Newcastle,4.9,15,3,4.7358476255684524e-08,0.009358959243807379,4.432260491257709e-10,0.6058668120165754,1.0
498,Joe White,Newcastle,4.5,15,3,4.7358476255684524e-08,0.009358959243807379,4.432260491257709e-10,0.6058668120165754,1.0
689,Seung-Soo Park,Newcastle,4.4,15,3,4.7358476255684524e-08,0.009358959243807379,4.432260491257709e-10,0.6058668120165754,1.0
495,Isaac Hayden,Newcastle,4.5,15,3,4.7358476255684524e-08,0.009358959243807379,4.432260491257709e-10,0.6058668120165754,1.0
496,Garang Kuol,Newcastle,4.4,15,3,4.7358476255684524e-08,0.009358959243807379,4.432260491257709e-10,0.6058668120165754,1.0
413,Omar Marmoush,Man City,8.3,13,3,2.879784736357337e-08,-0.02812370570016016,-8.099021840512707e-10,0.6058668116469828,1.0
429,Kalvin Phillips,Man City,4.9,13,3,4.7358476255684524e-08,-0.013760774959409158,-6.516893341749968e-10,0.6058668115862014,1.0
428,Sverre Nypan,Man City,5.0,13,3,4.7358476255684524e-08,-0.013760774959409158,-6.516893341749968e-10,0.6058668115862014,1.0
739,Divine Mukasa,Man City,4.5,13,3,4.7358476255684524e-08,-0.013760774959409158,-6.516893341749968e-10,0.6058668115862014,1.0
425,Claudio Echeverri,Man City,5.4,13,3,4.7358476255684524e-08,-0.013760774959409158,-6.516893341749968e-10,0.6058668115862014,1.0
742,Ryan McAidoo,Man City,4.5,13,3,4.7358476255684524e-08,-0.013760774959409158,-6.516893341749968e-10,0.6058668115862014,1.0
420,İlkay Gündoğan,Man City,6.3,13,3,4.7358476255684524e-08,-0.013760774959409158,-6.516893341749968e-10,0.6058668115862014,1.0
422,Mateo Kovačić,Man City,5.9,13,3,4.7358476255684524e-08,-0.013760774959409158,-6.516893341749968e-10,0.6058668115862014,1.0
243,Tyrique George,Chelsea,4.9,7,3,3.9203334422823995e-08,0.21177256540104972,8.302190702996718e-09,0.6058668108111129,1.0
545,Patrick Roberts,Sunderland,5.4,17,3,6.69012881235121e-08,0.14650110502752928,9.801112637859644e-09,0.6058668100274873,1.0
621,Andy Irving,West Ham,4.4,19,3,5.1568311529160433e-08,0.1279182224537468,6.5965267457512595e-09,0.6058668093160051,1.0
389,Harvey Elliott,Aston Villa,5.4,2,3,1.024307638771645e-07,0.005376502352599273,5.507192429641156e-10,0.6058668089519321,1.0
551,Chris Rigg,Sunderland,4.8,17,3,4.143361902837062e-08,0.46410156212212816,1.922940731543994e-08,0.6058668074600725,1.0
591,Archie Gray,Spurs,4.8,18,3,6.652837868547116e-08,-0.06141002092307474,-4.085509127053023e-09,0.6058668068470726,1.0
385,Federico Chiesa,Liverpool,6.4,12,3,1.0053298891063637e-06,0.38049767930410827,3.825256897400279e-07,0.605866805857586,1.0
549,Dan Neil,Sunderland,4.8,17,3,6.690130794162065e-08,0.12742315456727912,8.524775702598267e-09,0.6058668045772039,1.0
728,Merlin Röhl,Everton,5.0,9,3,5.619276784763374e-08,0.1520140481733837,8.542090118585963e-09,0.6058668045200531,1.0
426,James McAtee,Nott'm Forest,5.3,16,3,3.235184535967885e-08,0.493816485042877,1.597587456016732e-08,0.6058668032950035,1.0
207,Hannibal Mejbri,Burnley,4.9,3,3,6.633931983963568e-08,-0.08256834460770479,-5.477527821559786e-09,0.6058668025256215,1.0
246,Andrey Nascimento dos Santos,Chelsea,4.5,7,3,1.8874759621111543e-07,0.5678636570483909,1.0718290024353702e-07,0.6058668012942556,1.0
235,Cole Palmer,Chelsea,10.3,7,3,6.095587110359637e-07,0.23966393117773607,1.4608923697051274e-07,0.6058667930482196,1.0
700,Max Dowman,Arsenal,4.5,1,3,1.0106682723225226e-07,0.8671605303649973,8.764116350502743e-08,0.6058667863027829,1.0
83,Dango Ouattara,Brentford,6.0,5,3,1.1254293161996523e-07,0.4526309856936151,5.094041807199398e-08,0.6058667745731845,1.0
167,Carlos Baleba,Brighton,4.8,6,3,1.5102285550125673e-07,0.9937250964167493,1.5007520164411915e-07,0.6058667371494416,1.0
18,Noni Madueke,Arsenal,6.9,1,3,1.2106745647521022e-05,0.40376285306786325,4.888254164010023e-06,0.6058667369271494,1.0
168,Facundo Buonanotte,Chelsea,4.8,7,3,1.5454189517773456e-07,0.5524836326668708,8.538186764701756e-08,0.6058667319250696,1.0
152,Joël Veltman,Brighton,4.4,6,2,0.9999999132414774,0.46769334255899364,0.4676933019826102,0.5857175185380323,1.0
270,Will Hughes,Crystal Palace,4.9,8,3,0.9999997600382519,0.718937637883357,0.7189374653658246,0.5842762123264328,1.0
614,James Ward-Prowse,West Ham,5.8,19,3,0.999989977176749,0.43560478341232406,0.4356004174225726,0.5808755286490678,1.0
683,Omar Alderete,Sunderland,4.1,17,2,0.9999996865072655,0.5956045866138193,0.5956043998961088,0.5423024558087703,1.0
586,Lucas Bergvall,Spurs,5.4,18,3,0.9999946270827601,0.5524215896052787,0.5524186214897961,0.542158562138945,1.0
541,Reinildo Mandava,Sunderland,4.0,17,2,1.2136113187921936e-05,0.48700417669277196,5.910337811334215e-06,0.4122246341245025,1.0
473,Lewis Hall,Newcastle,5.3,15,2,9.370350931182933e-07,0.8392734396875875,7.864286657093688e-07,0.41221864024627675,1.0
111,Ethan Pinnock,Brentford,4.4,5,2,1.1870405818848538e-06,0.23118613514979594,2.744273243919242e-07,0.41221862139182175,1.0
438,Noussair Mazraoui,Man Utd,4.9,14,2,2.573351280910137e-06,0.20591047598129317,5.298799871192768e-07,0.412218548509445,1.0
107,Keane Lewis-Potter,Brentford,5.0,5,2,2.183841892938499e-06,0.5176586245653865,1.1304845905668133e-06,0.41221851459571857,1.0
635,Rodrigo Martins Gomes,Wolves,4.5,20,2,1.099095172803246e-06,0.49841247096403074,5.478027409015042e-07,0.41221849045047837,1.0
406,Abdukodir Khusanov,Man City,5.4,13,2,3.040820180850226e-07,0.1897606020911071,5.770278683689281e-08,0.41221835177522875,1.0
632,Matt Doherty,Wolves,4.4,20,2,9.715103541865273e-08,1.0809953683343065,1.0501981931644577e-07,0.41221827874997086,1.0
480,Jamaal Lascelles,Newcastle,4.4,15,2,3.409567434855224e-08,0.16541195558231037,5.639832170891642e-09,0.41221827797475,1.0
316,Antonee Robinson,Fulham,5.0,10,2,3.802210839166226e-08,0.6545238089661403,2.488637520943423e-08,0.4122182758413507,1.0
405,Nathan Aké,Man City,5.4,13,2,3.204374901085797e-08,0.38889019201165337,1.2461499705605784e-08,0.41221827262929617,1.0
409,John Stones,Man City,5.5,13,2,4.66192297868935e-08,0.3990563894770185,1.8603701518957194e-08,0.4122182706351858,1.0
80,Julio Soler Barreto,Bournemouth,4.0,4,2,4.7358476255684524e-08,0.23270870252506232,1.1020729563024317e-08,0.4122182704642728,1.0
370,Jeremie Frimpong,Liverpool,5.8,12,2,2.6536033119402116e-08,0.13123908367951465,3.4825646710795864e-09,0.4122182697735882,1.0
607,Nayef Aguerd,West Ham,4.4,19,2,5.350454808023462e-08,-0.013155288836077285,-7.038677840392708e-10,0.41221826824494084,1.0
149,Igor Julio dos Santos de Paulo,West Ham,4.5,19,2,5.156834083491669e-08,0.18753051273505916,9.670637397668216e-09,0.4122182678273683,1.0
380,Calvin Ramsay,Liverpool,3.9,12,2,3.787609529629373e-08,0.03062298552936001,1.1598791181670634e-09,0.4122182674662816,1.0
379,Rhys Williams,Liverpool,3.9,12,2,3.787609529629373e-08,0.03062298552936001,1.1598791181670634e-09,0.4122182674662816,1.0
378,Amara Nallo,Liverpool,3.9,12,2,3.787609529629373e-08,0.03062298552936001,1.1598791181670634e-09,0.4122182674662816,1.0
377,Konstantinos Tsimikas,Liverpool,4.8,12,2,3.787609529629373e-08,0.03062298552936001,1.1598791181670634e-09,0.4122182674662816,1.0
692,Giovanni Leoni,Liverpool,4.9,12,2,3.787609529629373e-08,0.03062298552936001,1.1598791181670634e-09,0.4122182674662816,1.0
323,Samuel Amissah,Fulham,3.9,10,2,6.126771264511807e-08,0.0189386031922478,1.160324898282554e-09,0.41221826721872673,1.0
723,Jaydee Canvot,Crystal Palace,4.5,8,2,5.6091863925035725e-08,0.019283305076239116,1.081636524361355e-09,0.4122182671820533,1.0
264,Rob Holding,Crystal Palace,4.0,8,2,5.6091863925035725e-08,0.019283305076239116,1.081636524361355e-09,0.4122182671820533,1.0
259,Borna Sosa,Crystal Palace,4.9,8,2,5.6091863925035725e-08,0.019283305076239116,1.081636524361355e-09,0.4122182671820533,1.0
262,Chadi Riad Dnanou,Crystal Palace,4.0,8,2,5.6091863925035725e-08,0.019283305076239116,1.081636524361355e-09,0.4122182671820533,1.0
265,Caleb Kporha,Crystal Palace,4.0,8,2,5.6091863925035725e-08,0.019283305076239116,1.081636524361355e-09,0.4122182671820533,1.0
542,Jenson Seelt,Sunderland,4.0,17,2,5.350456136760337e-08,0.00015159273475515029,8.110902779589759e-12,0.4122182671065887,1.0
376,Joe Gomez,Liverpool,4.9,12,2,4.7358476255684524e-08,0.022506148430095692,1.0658568960335984e-09,0.4122182670648062,1.0
154,Eiran Cashin,Brighton,4.0,6,2,4.207675023739189e-08,0.019283305076239116,8.113788114443444e-10,0.4122182669911812,1.0
155,Jacob Slater,Brighton,4.0,6,2,4.207675023739189e-08,0.019283305076239116,8.113788114443444e-10,0.4122182669911812,1.0
156,Charlie Tasker,Brighton,3.9,6,2,4.207675023739189e-08,0.019283305076239116,8.113788114443444e-10,0.4122182669911812,1.0
153,Adam Webster,Brighton,4.4,6,2,4.207675023739189e-08,0.019283305076239116,8.113788114443444e-10,0.4122182669911812,1.0
150,Tariq Lamptey,Brighton,4.4,6,2,4.207675023739189e-08,0.019283305076239116,8.113788114443444e-10,0.4122182669911812,1.0
147,Pervis Estupiñán Tenorio,Brighton,4.5,6,2,4.207675023739189e-08,0.019283305076239116,8.113788114443444e-10,0.4122182669911812,1.0
143,Olivier Boscagli,Brighton,4.3,6,2,4.207675023739189e-08,0.019283305076239116,8.113788114443444e-10,0.4122182669911812,1.0
197,Oliver Sonne,Burnley,4.0,3,2,6.69012881235121e-08,0.1612717654244069,1.0789288844845704e-08,0.41221826675644535,1.0
296,Nathan Patterson,Everton,4.4,9,2,4.137302962445563e-08,-0.0006949054813991307,-2.8750345068122834e-11,0.41221826651827503,1.0
297,Roman Dixon,Everton,3.9,9,2,4.137302962445563e-08,-0.0006949054813991307,-2.8750345068122834e-11,0.41221826651827503,1.0
667,Adam Aznou,Everton,4.4,9,2,4.137302962445563e-08,-0.0006949054813991307,-2.8750345068122834e-11,0.41221826651827503,1.0
705,Elijah Campbell,Everton,4.0,9,2,4.137302962445563e-08,-0.0006949054813991307,-2.8750345068122834e-11,0.41221826651827503,1.0
290,Jarrad Branthwaite,Everton,5.3,9,2,4.137302962445563e-08,-0.0006949054813991307,-2.8750345068122834e-11,0.41221826651827503,1.0
298,Reece Welch,Everton,3.9,9,2,4.137302962445563e-08,-0.0006949054813991307,-2.8750345068122834e-11,0.41221826651827503,1.0
46,Yasin Özcan,Aston Villa,4.0,2,2,4.207675023739189e-08,0.004110028025262643,1.7293662268765722e-10,0.41221826646823956,1.0
43,Álex Moreno Lopera,Aston Villa,4.0,2,2,4.207675023739189e-08,0.004110028025262643,1.7293662268765722e-10,0.41221826646823956,1.0
42,Andrés García,Aston Villa,3.9,2,2,4.207675023739189e-08,0.004110028025262643,1.7293662268765722e-10,0.41221826646823956,1.0
701,Triston Rowe,Aston Villa,4.0,2,2,4.207675023739189e-08,0.004110028025262643,1.7293662268765722e-10,0.41221826646823956,1.0
710,Travis Patterson,Aston Villa,4.0,2,2,4.207675023739189e-08,0.004110028025262643,1.7293662268765722e-10,0.41221826646823956,1.0
45,Lino da Cruz Sousa,Aston Villa,4.0,2,2,4.207675023739189e-08,0.004110028025262643,1.7293662268765722e-10,0.41221826646823956,1.0
578,Luka Vušković,Spurs,3.9,18,2,4.898351731684203e-08,0.0004962946187464691,2.4310256051623182e-11,0.41221826646118953,1.0
571,Ben Davies,Spurs,4.3,18,2,4.898351731684203e-08,0.0004962946187464691,2.4310256051623182e-11,0.41221826646118953,1.0
572,Radu Drăgușin,Spurs,4.5,18,2,4.898351731684203e-08,0.0004962946187464691,2.4310256051623182e-11,0.41221826646118953,1.0
577,Takai Kōta,Spurs,4.0,18,2,4.898351731684203e-08,0.0004962946187464691,2.4310256051623182e-11,0.41221826646118953,1.0
576,Ashley Phillips,Spurs,4.0,18,2,4.898351731684203e-08,0.0004962946187464691,2.4310256051623182e-11,0.41221826646118953,1.0
76,Owen Bevan,Bournemouth,3.9,4,2,4.207675023739189e-08,0.004110028025262643,1.7293662268765722e-10,0.4122182664512398,1.0
79,Chris Mepham,Bournemouth,4.0,4,2,4.207675023739189e-08,0.004110028025262643,1.7293662268765722e-10,0.4122182664512398,1.0
78,Julián Araujo Zúñiga,Bournemouth,4.0,4,2,4.207675023739189e-08,0.004110028025262643,1.7293662268765722e-10,0.4122182664512398,1.0
75,Matai Akinmboni,Bournemouth,4.0,4,2,4.207675023739189e-08,0.004110028025262643,1.7293662268765722e-10,0.4122182664512398,1.0
71,Illia Zabarnyi,Bournemouth,5.0,4,2,4.207675023739189e-08,0.004110028025262643,1.7293662268765722e-10,0.4122182664512398,1.0
537,Niall Huggins,Sunderland,4.0,17,2,5.350595131646988e-08,0.00015159273475515029,8.111113485739603e-12,0.41221826643134535,1.0
539,Luke O'Nien,Sunderland,4.0,17,2,5.350595131646988e-08,0.00015159273475515029,8.111113485739603e-12,0.41221826643134535,1.0
533,Aji Alese,Sunderland,4.0,17,2,5.350595131646988e-08,0.00015159273475515029,8.111113485739603e-12,0.41221826643134535,1.0
534,Joe Anderson,Sunderland,3.9,17,2,5.350595131646988e-08,0.00015159273475515029,8.111113485739603e-12,0.41221826643134535,1.0
535,Dennis Cirkin,Sunderland,4.0,17,2,5.350595131646988e-08,0.00015159273475515029,8.111113485739603e-12,0.41221826643134535,1.0
536,Leo Fuhr Hjelde,Sunderland,4.0,17,2,5.350595131646988e-08,0.00015159273475515029,8.111113485739603e-12,0.41221826643134535,1.0
189,Owen Dodgson,Burnley,4.0,3,2,5.350595131646988e-08,0.00015159273475515029,8.111113485739603e-12,0.41221826643134535,1.0
538,Zak Johnson,Sunderland,3.9,17,2,5.350595131646988e-08,0.00015159273475515029,8.111113485739603e-12,0.41221826643134535,1.0
188,Hannes Delcroix,Burnley,3.9,3,2,5.350595131646988e-08,0.00015159273475515029,8.111113485739603e-12,0.41221826643134535,1.0
540,Timothée Pembélé,Sunderland,3.9,17,2,5.350595131646988e-08,0.00015159273475515029,8.111113485739603e-12,0.41221826643134535,1.0
194,Jordan Beyer,Burnley,4.0,3,2,5.350595131646988e-08,0.00015159273475515029,8.111113485739603e-12,0.41221826643134535,1.0
196,Shurandy Sambo,Burnley,4.0,3,2,5.350595131646988e-08,0.00015159273475515029,8.111113485739603e-12,0.41221826643134535,1.0
186,Connor Roberts,Burnley,4.4,3,2,5.350595131646988e-08,0.00015159273475515029,8.111113485739603e-12,0.41221826643134535,1.0
195,Lucas Pires Silva,Burnley,3.9,3,2,5.350595131646988e-08,0.00015159273475515029,8.111113485739603e-12,0.41221826643134535,1.0
608,Ollie Scarles,West Ham,4.4,19,2,5.350595131646988e-08,-0.0030832050401147864,-1.6496981877507634e-10,0.4122182663890679,1.0
611,Kaelan Casey,West Ham,4.0,19,2,5.350595131646988e-08,-0.0030832050401147864,-1.6496981877507634e-10,0.4122182663890679,1.0
604,Emerson Palmieri dos Santos,West Ham,4.4,19,2,5.350595131646988e-08,-0.0030832050401147864,-1.6496981877507634e-10,0.4122182663890679,1.0
448,Tyrell Malacia,Man Utd,3.9,14,2,5.944003805679707e-08,0.0037653261412713204,2.2381112913342012e-10,0.4122182663509918,1.0
446,Tyler Fredricson,Man Utd,3.9,14,2,5.944003805679707e-08,0.0037653261412713204,2.2381112913342012e-10,0.4122182663509918,1.0
445,Harry Amass,Man Utd,4.0,14,2,5.944003805679707e-08,0.0037653261412713204,2.2381112913342012e-10,0.4122182663509918,1.0
439,Diego León Blanco,Man Utd,4.3,14,2,5.944003805679707e-08,0.0037653261412713204,2.2381112913342012e-10,0.4122182663509918,1.0
437,Lisandro Martínez,Man Utd,4.9,14,2,5.944003805679707e-08,0.0037653261412713204,2.2381112913342012e-10,0.4122182663509918,1.0
263,Nathaniel Clyne,Crystal Palace,3.9,8,2,5.6091863925035725e-08,0.06108231683478677,3.4262210041227783e-09,0.41221826632454817,1.0
73,Adam Smith,Bournemouth,4.4,4,2,5.983206957700266e-08,-0.1043416646224686,-6.242977737471818e-09,0.4122182660864107,1.0
729,Luis Eduardo Soares da Silva,Nott'm Forest,4.5,16,2,3.7875958286128776e-08,-0.03413215737159127,-1.2927881688219736e-09,0.4122182659803469,1.0
513,Zach Abbott,Nott'm Forest,3.9,16,2,3.7875958286128776e-08,-0.03413215737159127,-1.2927881688219736e-09,0.4122182659803469,1.0
514,Willy Boly,Nott'm Forest,3.9,16,2,3.7875958286128776e-08,-0.03413215737159127,-1.2927881688219736e-09,0.4122182659803469,1.0
512,Omar Richards,Nott'm Forest,4.5,16,2,3.7875958286128776e-08,-0.03413215737159127,-1.2927881688219736e-09,0.4122182659803469,1.0
509,David Mota Veiga Teixeira do Carmo,Nott'm Forest,4.5,16,2,3.7875958286128776e-08,-0.03413215737159127,-1.2927881688219736e-09,0.4122182659803469,1.0
9,Jakub Kiwior,Arsenal,5.4,1,2,4.7358476255684524e-08,0.003976284373492333,1.8831076908788604e-10,0.41221826595521416,1.0
15,Josh Nichols,Arsenal,3.9,1,2,4.7358476255684524e-08,0.003976284373492333,1.8831076908788604e-10,0.41221826595521416,1.0
14,Maldini Kacurri,Arsenal,3.9,1,2,4.7358476255684524e-08,0.003976284373492333,1.8831076908788604e-10,0.41221826595521416,1.0
13,Brayden Clarke,Arsenal,3.9,1,2,4.7358476255684524e-08,0.003976284373492333,1.8831076908788604e-10,0.41221826595521416,1.0
725,Piero Hincapié,Arsenal,5.4,1,2,4.7358476255684524e-08,0.003976284373492333,1.8831076908788604e-10,0.41221826595521416,1.0
11,Benjamin White,Arsenal,5.4,1,2,4.7358476255684524e-08,0.003976284373492333,1.8831076908788604e-10,0.41221826595521416,1.0
231,Mamadou Sarr,Chelsea,4.5,7,2,3.7875958286128776e-08,-0.042217943999183175,-1.5990450858391827e-09,0.41221826589542315,1.0
234,Aarón Anselmino,Chelsea,4.0,7,2,3.7875958286128776e-08,-0.042217943999183175,-1.5990450858391827e-09,0.41221826589542315,1.0
227,Levi Samuels Colwill,Chelsea,4.8,7,2,3.7875958286128776e-08,-0.042217943999183175,-1.5990450858391827e-09,0.41221826589542315,1.0
447,Ayden Heaven,Man Utd,3.9,14,2,6.690130794162065e-08,0.0037653261412713204,2.5190524367782683e-10,0.4122182658937536,1.0
481,Alex Murphy,Newcastle,3.9,15,2,4.7358476255684524e-08,0.00843651599616278,3.9954054248497766e-10,0.4122182658793344,1.0
482,Harrison Ashby,Newcastle,3.9,15,2,4.7358476255684524e-08,0.00843651599616278,3.9954054248497766e-10,0.4122182658793344,1.0
483,Miodrag Pivaš,Newcastle,3.9,15,2,4.7358476255684524e-08,0.00843651599616278,3.9954054248497766e-10,0.4122182658793344,1.0
484,Matt Targett,Newcastle,4.0,15,2,4.7358476255684524e-08,0.00843651599616278,3.9954054248497766e-10,0.4122182658793344,1.0
479,Emil Krafth,Newcastle,4.4,15,2,4.7358476255684524e-08,0.00843651599616278,3.9954054248497766e-10,0.4122182658793344,1.0
641,Alfie Pond,Wolves,3.9,20,2,4.898334012751825e-08,-0.01502168431622134,-7.358122721496763e-10,0.41221826586398913,1.0
640,Pedro Cardoso de Lima,Wolves,4.0,20,2,4.898334012751825e-08,-0.01502168431622134,-7.358122721496763e-10,0.41221826586398913,1.0
639,Bastien Meupiyou Menadjou,Wolves,4.0,20,2,4.898334012751825e-08,-0.01502168431622134,-7.358122721496763e-10,0.41221826586398913,1.0
112,Mads Roerslev Rasmussen,Brentford,4.5,5,2,4.898334012751825e-08,-0.01791178020709995,-8.773788221737262e-10,0.412218265839913,1.0
114,Benjamin Arthur,Brentford,3.9,5,2,4.898334012751825e-08,-0.01791178020709995,-8.773788221737262e-10,0.412218265839913,1.0
117,Kim Ji-soo,Brentford,3.9,5,2,4.898334012751825e-08,-0.01791178020709995,-8.773788221737262e-10,0.412218265839913,1.0
118,Jayden Meghoma,Brentford,4.0,5,2,4.898334012751825e-08,-0.01791178020709995,-8.773788221737262e-10,0.412218265839913,1.0
115,Benjamin Fredrick,Brentford,4.0,5,2,4.898334012751825e-08,-0.01791178020709995,-8.773788221737262e-10,0.412218265839913,1.0
344,Jaka Bijol,Leeds,3.9,11,2,5.350586252170212e-08,-0.01502168431622134,-8.03748175868148e-10,0.41221826578770854,1.0
345,Sebastiaan Bornauw,Leeds,3.9,11,2,5.350586252170212e-08,-0.01502168431622134,-8.03748175868148e-10,0.41221826578770854,1.0
349,Isaac Schmidt,Leeds,4.0,11,2,5.350586252170212e-08,-0.01502168431622134,-8.03748175868148e-10,0.41221826578770854,1.0
346,Sam Byram,Leeds,3.9,11,2,5.350595131646988e-08,-0.01502168431622134,-8.037495097151182e-10,0.4122182655354218,1.0
410,Rico Lewis,Man City,5.0,13,2,2.939016310365697e-08,0.07325841150547857,2.1530766628608354e-09,0.4122182654936823,1.0
404,Manuel Akanji,Man City,5.4,13,2,4.7358476255684524e-08,-0.018346925723917083,-8.688824462609347e-10,0.41221826493999275,1.0
740,Stephen Mfuni,Man City,4.0,13,2,4.7358476255684524e-08,-0.018346925723917083,-8.688824462609347e-10,0.41221826493999275,1.0
412,Vitor de Oliveira Nunes dos Reis,Man City,5.0,13,2,4.7358476255684524e-08,-0.018346925723917083,-8.688824462609347e-10,0.41221826493999275,1.0
193,Bashir Humphreys,Burnley,4.0,3,2,5.978913954484093e-08,0.07034297368027052,4.205745869368767e-09,0.4122182641962762,1.0
402,Rayan Aït-Nouri,Man City,5.8,13,2,3.7874593102871595e-08,-0.09349283026830224,-3.5410029044477847e-09,0.4122182636257807,1.0
609,Jean-Clair Todibo,West Ham,4.3,19,2,6.69012881235121e-08,-0.0030832050401147864,-2.0627038873258402e-10,0.4122182635590934,1.0
507,Ola Aina,Nott'm Forest,4.8,16,2,3.787337088824046e-08,-0.1163665569282744,-4.407193769532084e-09,0.41221826348780966,1.0
321,Jorge Cuenca Barreno,Fulham,4.4,10,2,6.126769597657873e-08,-0.00515468472192361,-3.1581565639793103e-10,0.4122182630075086,1.0
638,Ki-Jana Hoever,Wolves,4.0,20,2,4.898334012751825e-08,-0.09140147362167618,-4.4771494705669516e-09,0.4122182627944137,1.0
678,Arthur Masuaku,Sunderland,3.9,17,2,4.6001123302167065e-08,0.5016840953261414,2.3078031927833968e-08,0.41221826141019235,1.0
144,Diego Coppola,Brighton,4.3,6,2,4.7357473342342177e-08,0.25357672063509923,1.200875278771526e-08,0.4122182611865671,1.0
109,Rico Henry,Brentford,4.4,5,2,3.6676405213917056e-08,0.05047738042833042,1.8513288587264927e-09,0.4122182601381878,1.0
506,Murillo Costa dos Santos,Nott'm Forest,5.4,16,2,8.687072712526241e-08,0.143846367867308,1.2496038570961028e-08,0.41221825630581893,1.0
230,Wesley Fofana,Chelsea,4.4,7,2,2.720169438673575e-07,-0.015177354636445364,-4.128497624196937e-09,0.4122182539760709,1.0
474,Fabian Schär,Newcastle,5.4,15,2,1.937669554328526e-06,0.3882447540743338,7.522900395976026e-07,0.4122182124884639,1.0
573,Djed Spence,Spurs,4.5,18,2,8.838192345431623e-07,0.408366575256081,3.609222339558422e-07,0.412218103392242,1.0
232,Tosin Adarabioyo,Chelsea,4.4,7,2,4.215468380863233e-06,-0.059049513064556955,-2.4892135522901026e-07,0.41221790001104863,1.0
662,Cristhian Mosquera,Arsenal,5.4,1,2,1.4854336057653343e-06,-0.09486221697030012,-1.409115250050864e-07,0.4122178804882058,1.0
637,Toti Gomes,Wolves,4.4,20,2,2.5427334435737874e-06,-0.16304179284544426,-4.145718193683406e-07,0.41221760876002234,1.0
431,Altay Bayındır,Man Utd,4.9,14,1,0.9999999558506296,1.047517334316075,1.0475172880688444,0.4068009130059799,1.0
12,Oleksandr Zinchenko,Nott'm Forest,4.9,16,2,0.9999874160151658,0.38231177023310164,0.3823069592275831,0.3632093065848559,1.0
157,Mitoma Kaoru,Brighton,6.3,6,3,0.9999994049582591,0.11082936331297699,0.1108292973648797,0.3518102053955906,1.0
338,Rodrigo Muniz Carvalho,Fulham,5.5,10,4,3.502138376909237e-07,-0.034794726785198654,-1.2185594798851598e-08,0.3016997699400567,1.0
696,Arnaud Kalimuendo,Nott'm Forest,6.0,16,4,7.276264508345418e-08,0.45574659561177294,3.3161327784491955e-08,0.30169976607362575,1.0
737,Jonah Kusi-Asare,Fulham,4.5,10,4,6.126771264511807e-08,0.0189386031922478,1.160324898282554e-09,0.3016997578390504,1.0
286,Zach Marsh,Crystal Palace,4.5,8,4,5.6091863925035725e-08,0.019283305076239116,1.081636524361355e-09,0.30169975780238617,1.0
179,Evan Ferguson,Brighton,5.5,6,4,4.207675023739189e-08,0.019283305076239116,8.113788114443444e-10,0.30169975761153506,1.0
181,Charalampos Kostoulas,Brighton,4.9,6,4,4.207675023739189e-08,0.019283305076239116,8.113788114443444e-10,0.30169975761153506,1.0
397,Darwin Núñez Ribeiro,Liverpool,6.5,12,4,4.207675023739189e-08,0.016448686715743583,6.921072826714486e-10,0.3016997574740246,1.0
398,Jayden Danns,Liverpool,4.4,12,4,4.207675023739189e-08,0.016448686715743583,6.921072826714486e-10,0.3016997574740246,1.0
285,Odsonne Édouard,Crystal Palace,5.0,8,4,5.6091863925035725e-08,0.019283305076239116,1.081636524361355e-09,0.30169975742376076,1.0
312,Youssef Ramalho Chermiti,Everton,4.9,9,4,4.137302962445563e-08,-0.0006949054813991307,-2.8750345068122834e-11,0.3016997571404777,1.0
313,Martin Sherif,Everton,4.4,9,4,4.137302962445563e-08,-0.0006949054813991307,-2.8750345068122834e-11,0.3016997571404777,1.0
65,Zépiqueno Redmond,Aston Villa,4.5,2,4,4.207675023739189e-08,0.004110028025262643,1.7293662268765722e-10,0.3016997570886634,1.0
599,Dane Scarlett,Spurs,4.4,18,4,4.898351731684203e-08,0.0004962946187464691,2.4310256051623182e-11,0.3016997570815371,1.0
598,Will Lankshear,Spurs,4.5,18,4,4.898351731684203e-08,0.0004962946187464691,2.4310256051623182e-11,0.3016997570815371,1.0
726,Randal Kolo Muani,Spurs,6.9,18,4,4.898351731684203e-08,0.0004962946187464691,2.4310256051623182e-11,0.3016997570815371,1.0
98,Enes Ünal,Bournemouth,5.4,4,4,4.207675023739189e-08,0.004110028025262643,1.7293662268765722e-10,0.30169975707164787,1.0
99,Daniel Adu-Adjei,Bournemouth,4.4,4,4,4.207675023739189e-08,0.004110028025262643,1.7293662268765722e-10,0.30169975707164787,1.0
564,Nazarii Rusyn,Sunderland,4.4,17,4,5.350595131646988e-08,0.00015159273475515029,8.111113485739603e-12,0.30169975705167223,1.0
563,Luís Hemir Silva Semedo,Sunderland,4.4,17,4,5.350595131646988e-08,0.00015159273475515029,8.111113485739603e-12,0.30169975705167223,1.0
562,Ahmed Abdullahi,Sunderland,4.4,17,4,5.350595131646988e-08,0.00015159273475515029,8.111113485739603e-12,0.30169975705167223,1.0
219,Michael Obafemi,Burnley,4.4,3,4,5.350595131646988e-08,0.00015159273475515029,8.111113485739603e-12,0.30169975705167223,1.0
216,Zeki Amdouni,Burnley,4.9,3,4,5.350595131646988e-08,0.00015159273475515029,8.111113485739603e-12,0.30169975705167223,1.0
218,Ashley Barnes,Burnley,4.4,3,4,5.350595131646988e-08,0.00015159273475515029,8.111113485739603e-12,0.30169975705167223,1.0
468,Ethan Wheatley,Man Utd,4.5,14,4,5.944003805679707e-08,0.0037653261412713204,2.2381112913342012e-10,0.3016997569713754,1.0
467,Chido Obi,Man Utd,4.3,14,4,5.944003805679707e-08,0.0037653261412713204,2.2381112913342012e-10,0.3016997569713754,1.0
465,Rasmus Højlund,Man Utd,6.3,14,4,5.944003805679707e-08,0.0037653261412713204,2.2381112913342012e-10,0.3016997569713754,1.0
30,Kai Havertz,Arsenal,7.3,1,4,4.7358476255684524e-08,0.003976284373492333,1.8831076908788604e-10,0.3016997566192596,1.0
31,Gabriel Fernando de Jesus,Arsenal,6.4,1,4,4.7358476255684524e-08,0.003976284373492333,1.8831076908788604e-10,0.3016997566192596,1.0
527,Taiwo Awoniyi,Nott'm Forest,5.2,16,4,3.7875958286128776e-08,-0.03413215737159127,-1.2927881688219736e-09,0.3016997566063276,1.0
135,Yoane Wissa,Newcastle,7.4,15,4,4.7358476255684524e-08,0.00843651599616278,3.9954054248497766e-10,0.301699756502198,1.0
501,Sean Neave,Newcastle,4.4,15,4,4.7358476255684524e-08,0.00843651599616278,3.9954054248497766e-10,0.301699756502198,1.0
655,Fábio Soares Silva,Wolves,4.9,20,4,4.898334012751825e-08,-0.01502168431622134,-7.358122721496763e-10,0.3016997564843986,1.0
657,Leon Chiwome,Wolves,4.5,20,4,4.898334012751825e-08,-0.01502168431622134,-7.358122721496763e-10,0.3016997564843986,1.0
658,Nathan Fraser,Wolves,4.4,20,4,4.898334012751825e-08,-0.01502168431622134,-7.358122721496763e-10,0.3016997564843986,1.0
137,Iwan Morgan,Brentford,4.4,5,4,4.898334012751825e-08,-0.01791178020709995,-8.773788221737262e-10,0.3016997564602668,1.0
251,Nicolas Jackson,Chelsea,6.5,7,4,3.7875958286128776e-08,-0.042217943999183175,-1.5990450858391827e-09,0.3016997564178242,1.0
741,Harry Gray,Leeds,4.5,11,4,5.350586252170212e-08,-0.01502168431622134,-8.03748175868148e-10,0.3016997564081083,1.0
364,Mateo Joseph Fernández-Regatillo,Leeds,5.0,11,4,5.350586252170212e-08,-0.01502168431622134,-8.03748175868148e-10,0.3016997564081083,1.0
363,Patrick Bamford,Leeds,4.9,11,4,5.350586252170212e-08,-0.01502168431622134,-8.03748175868148e-10,0.3016997564081083,1.0
656,Saša Kalajdžić,Wolves,4.9,20,4,4.898351731684203e-08,-0.026076824017860573,-1.2773345608471155e-09,0.30169975588006354,1.0
466,Joshua Zirkzee,Man Utd,5.8,14,4,2.858268986415068e-08,0.2921158958818399,8.349458056379161e-09,0.30169975558730905,1.0
596,Dominic Solanke-Mitchell,Spurs,7.2,18,4,6.124667068164701e-08,0.035293472591589936,2.1616076930288436e-09,0.3016997519913458,1.0
671,Callum Wilson,West Ham,5.9,19,4,3.4486595946847524e-08,-0.061983013638235496,-2.137583146909767e-09,0.30169974969954966,1.0
250,Liam Delap,Chelsea,6.2,7,4,9.936517448874517e-08,0.8789685354655992,8.733886189665605e-08,0.30169974058482807,1.0
337,Raúl Jiménez Rodríguez,Fulham,6.2,10,4,3.832656242648562e-07,-0.09785742374118893,-3.750538659911734e-08,0.3016996835012327,1.0
100,Eli Junior Kroupi,Bournemouth,4.5,4,4,4.841346466933764e-07,-0.3804686504456637,-1.841980556614171e-07,0.3016996330159202,1.0
226,Trevoh Chalobah,Chelsea,5.1,7,2,0.999999672413295,0.2372092986964429,0.23720922098983033,0.23703788620521538,1.0
322,Kenny Tete,Fulham,4.5,10,2,0.9999929279802353,0.8327315276206909,0.8327256385268689,0.22173534812535278,1.0
366,Alisson Becker,Liverpool,5.4,12,1,0.9999999602113538,0.3506887541594639,0.35068874020603313,0.18657887391312178,1.0
679,Mads Hermansen,West Ham,4.4,19,1,9.190404707759267e-06,0.6556194160116228,6.025407767411599e-06,0.11194490361971102,1.0
315,Steven Benda,Fulham,4.0,10,1,5.4434737990003e-08,0.0189386031922478,1.0309179026666433e-09,0.11194214507465991,1.0
664,Benjamin Lecomte,Fulham,4.0,10,1,5.4434737990003e-08,0.0189386031922478,1.0309179026666433e-09,0.11194214507465991,1.0
255,Remi Matthews,Crystal Palace,4.0,8,1,4.9836133626427964e-08,0.019283305076239116,9.610053685386293e-10,0.11194214503115342,1.0
254,Walter Benítez,Crystal Palace,4.0,8,1,4.9836133626427964e-08,0.019283305076239116,9.610053685386293e-10,0.11194214503115342,1.0
221,Filip Jörgensen,Chelsea,4.4,7,1,3.787484343065319e-08,-0.0953480323766081,-3.611291797684883e-09,0.11194214500527157,1.0
142,Kjell Scherpen,Brighton,4.0,6,1,3.787609529629373e-08,0.019283305076239116,7.303763006951373e-10,0.11194214484714068,1.0
140,Tom McGill,Brighton,4.0,6,1,3.787609529629373e-08,0.019283305076239116,7.303763006951373e-10,0.11194214484714068,1.0
138,Jason Steele,Brighton,4.4,6,1,3.787609529629373e-08,0.019283305076239116,7.303763006951373e-10,0.11194214484714068,1.0
141,Carl Rushworth,Brighton,4.0,6,1,3.787609529629373e-08,0.019283305076239116,7.303763006951373e-10,0.11194214484714068,1.0
288,Mark Travers,Everton,4.4,9,1,4.1372879964741516e-08,-0.0006949054813991307,-2.8750241068767154e-11,0.11194214446604206,1.0
289,Harry Tyrer,Everton,4.0,9,1,4.1372879964741516e-08,-0.0006949054813991307,-2.8750241068767154e-11,0.11194214446604206,1.0
630,Tom King,Everton,4.0,9,1,4.1372879964741516e-08,-0.0006949054813991307,-2.8750241068767154e-11,0.11194214446604206,1.0
530,Blondy Nna Noukeu,Sunderland,4.0,17,1,5.350586252170212e-08,0.00015159273475515029,8.111100025097926e-12,0.11194214439337953,1.0
184,Etienne Green,Burnley,4.0,3,1,5.350586252170212e-08,0.00015159273475515029,8.111100025097926e-12,0.11194214439337953,1.0
528,Anthony Patterson,Sunderland,4.3,17,1,5.350586252170212e-08,0.00015159273475515029,8.111100025097926e-12,0.11194214439337953,1.0
529,Simon Moore,Sunderland,4.0,17,1,5.350586252170212e-08,0.00015159273475515029,8.111100025097926e-12,0.11194214439337953,1.0
185,Václav Hladký,Burnley,4.0,3,1,5.350586252170212e-08,0.00015159273475515029,8.111100025097926e-12,0.11194214439337953,1.0
183,Max Weiß,Burnley,4.4,3,1,5.350586252170212e-08,0.00015159273475515029,8.111100025097926e-12,0.11194214439337953,1.0
68,Will Dennis,Bournemouth,4.0,4,1,3.787609529629373e-08,0.004110028025262643,1.5567181315528579e-10,0.11194214437601109,1.0
69,Callan McKenna,Bournemouth,4.0,4,1,3.787609529629373e-08,0.004110028025262643,1.5567181315528579e-10,0.11194214437601109,1.0
70,Alex Paulsen,Bournemouth,4.0,4,1,3.787609529629373e-08,0.004110028025262643,1.5567181315528579e-10,0.11194214437601109,1.0
66,Norberto Murara Neto,Bournemouth,4.5,4,1,3.787609529629373e-08,0.004110028025262643,1.5567181315528579e-10,0.11194214437601109,1.0
738,Lukasz Fabianski,West Ham,4.5,19,1,5.3505757768031383e-08,-0.0030832050401147864,-1.6496922202555526e-10,0.11194214436230251,1.0
602,Krisztián Hegyi,West Ham,4.0,19,1,5.3505757768031383e-08,-0.0030832050401147864,-1.6496922202555526e-10,0.11194214436230251,1.0
601,Wes Foderingham,West Ham,4.0,19,1,5.3505757768031383e-08,-0.0030832050401147864,-1.6496922202555526e-10,0.11194214436230251,1.0
567,Antonín Kinský,Spurs,3.9,18,1,4.898351731684203e-08,0.0004962946187464691,2.4310256051623182e-11,0.11194214425853521,1.0
566,Brandon Austin,Spurs,3.9,18,1,4.898351731684203e-08,0.0004962946187464691,2.4310256051623182e-11,0.11194214425853521,1.0
34,Joe Gauci,Aston Villa,4.0,2,1,4.207675023739189e-08,0.004110028025262643,1.7293662268765722e-10,0.11194214425833941,1.0
688,James Wright,Aston Villa,4.0,2,1,4.207675023739189e-08,0.004110028025262643,1.7293662268765722e-10,0.11194214425833941,1.0
703,Sam Proctor,Aston Villa,4.0,2,1,4.207675023739189e-08,0.004110028025262643,1.7293662268765722e-10,0.11194214425833941,1.0
35,Filip Marschall,Aston Villa,4.0,2,1,4.207675023739189e-08,0.004110028025262643,1.7293662268765722e-10,0.11194214425833941,1.0
433,Elyh Harrison,Man Utd,4.0,14,1,5.944003805679707e-08,0.0037653261412713204,2.2381112913342012e-10,0.11194214416121832,1.0
434,Tom Heaton,Man Utd,4.0,14,1,5.944003805679707e-08,0.0037653261412713204,2.2381112913342012e-10,0.11194214416121832,1.0
435,Dermot Mee,Man Utd,4.0,14,1,5.944003805679707e-08,0.0037653261412713204,2.2381112913342012e-10,0.11194214416121832,1.0
432,André Onana,Man Utd,4.9,14,1,5.944003805679707e-08,0.0037653261412713204,2.2381112913342012e-10,0.11194214416121832,1.0
715,John Victor Maciel Furtado,Nott'm Forest,4.0,16,1,3.7875958286128776e-08,-0.03413215737159127,-1.2927881688219736e-09,0.11194214390493928,1.0
504,Matt Turner,Nott'm Forest,4.0,16,1,3.7875958286128776e-08,-0.03413215737159127,-1.2927881688219736e-09,0.11194214390493928,1.0
503,Carlos Miguel dos Santos Pereira,Nott'm Forest,4.0,16,1,3.7875958286128776e-08,-0.03413215737159127,-1.2927881688219736e-09,0.11194214390493928,1.0
675,Angus Gunn,Nott'm Forest,4.0,16,1,3.7875958286128776e-08,-0.03413215737159127,-1.2927881688219736e-09,0.11194214390493928,1.0
472,Odysseas Vlachodimos,Newcastle,4.0,15,1,4.7358476255684524e-08,0.00843651599616278,3.9954054248497766e-10,0.11194214390182528,1.0
674,Aaron Ramsdale,Newcastle,4.8,15,1,4.7358476255684524e-08,0.00843651599616278,3.9954054248497766e-10,0.11194214390182528,1.0
471,Mark Gillespie,Newcastle,4.0,15,1,4.7358476255684524e-08,0.00843651599616278,3.9954054248497766e-10,0.11194214390182528,1.0
4,Tommy Setford,Arsenal,4.0,1,1,4.7358476255684524e-08,0.003976284373492333,1.8831076908788604e-10,0.11194214389374026,1.0
3,Karl Hein,Arsenal,4.0,1,1,4.7358476255684524e-08,0.003976284373492333,1.8831076908788604e-10,0.11194214389374026,1.0
2,Kepa Arrizabalaga Revuelta,Arsenal,4.3,1,1,4.7358476255684524e-08,0.003976284373492333,1.8831076908788604e-10,0.11194214389374026,1.0
629,Daniel Bentley,Wolves,4.0,20,1,4.898334012751825e-08,-0.01502168431622134,-7.358122721496763e-10,0.11194214380545994,1.0
340,Alex Cairns,Leeds,4.0,11,1,5.3505757768031383e-08,-0.01502168431622134,-8.037466022915751e-10,0.11194214375187315,1.0
339,Illan Meslier,Leeds,4.3,11,1,5.3505757768031383e-08,-0.01502168431622134,-8.037466022915751e-10,0.11194214375187315,1.0
102,Ellery Balcombe,Brentford,4.0,5,1,4.898334012751825e-08,-0.01791178020709995,-8.773788221737262e-10,0.11194214373800938,1.0
105,Hákon Rafn Valdimarsson,Brentford,4.0,5,1,4.898334012751825e-08,-0.01791178020709995,-8.773788221737262e-10,0.11194214373800938,1.0
104,Julian Eyestone,Brentford,4.0,5,1,4.898334012751825e-08,-0.01791178020709995,-8.773788221737262e-10,0.11194214373800938,1.0
103,Matthew Cox,Brentford,4.0,5,1,4.898334012751825e-08,-0.01791178020709995,-8.773788221737262e-10,0.11194214373800938,1.0
222,Mike Penders,Chelsea,4.0,7,1,3.7875958286128776e-08,-0.042217943999183175,-1.5990450858391827e-09,0.11194214319391421,1.0
223,Gabriel Słonina,Chelsea,4.0,7,1,3.7875958286128776e-08,-0.042217943999183175,-1.5990450858391827e-09,0.11194214319391421,1.0
400,Stefan Ortega Moreno,Man City,4.8,13,1,4.207675023739189e-08,-0.018346925723917083,-7.719790113092394e-10,0.11194214318314459,1.0
401,Marcus Bettinelli,Man City,4.0,13,1,4.207675023739189e-08,-0.018346925723917083,-7.719790113092394e-10,0.11194214318314459,1.0
399,Ederson Santana de Moraes,Man City,5.3,13,1,4.207675023739189e-08,-0.018346925723917083,-7.719790113092394e-10,0.11194214318314459,1.0
33,Marco Bizot,Aston Villa,4.4,2,1,4.7358136256814067e-08,0.045909039783810286,2.1741665615011853e-09,0.11194214312029452,1.0
369,Freddie Woodman,Liverpool,3.9,12,1,3.787609529629373e-08,-0.043797842169383705,-1.6588912437796093e-09,0.11194214261809052,1.0
368,Ármin Pécsi,Liverpool,3.9,12,1,3.787609529629373e-08,-0.043797842169383705,-1.6588912437796093e-09,0.11194214261809052,1.0
628,José Malheiro de Sá,Wolves,4.4,20,1,1.9288623568741417e-07,0.3794738596863478,7.319528433667361e-08,0.11194213906277367,1.0
182,James Trafford,Man City,4.8,13,1,5.0093555221575195e-08,0.04836027432621711,2.422538072490882e-09,0.11194213809312326,1.0
665,Lucas Estella Perri,Leeds,4.5,11,1,2.3244672287921725e-07,0.3048558518927011,7.086274372301038e-08,0.11194211899365643,1.0
508,Neco Williams,Nott'm Forest,4.8,16,2,0.9999998642798082,0.2062171740878367,0.2062171461000023,0.028183543108183273,1.0
40,Tyrone Mings,Aston Villa,4.5,2,2,0.9999997184528819,0.19231474563641493,0.19231469149075253,0.025490799606912695,1.0
477,Tino Livramento,Newcastle,5.0,15,2,0.9999999559054322,0.6257241278134432,0.6257241002224082,0.0,1.0
