player_id,element_type,residual,gw
565,1,-0.08840097671283348,8
440,2,-3.064197656634419e-06,8
276,3,0.9999979879318937,8
290,2,1.4056923746839236,8
78,2,0.9999985640055093,8
349,2,1.999997557165545,8
600,1,-1.4009906674534038e-06,8
141,1,4.999998465795296,8
99,4,-2.5527334067287664e-06,8
507,2,-2.456488286234505e-06,8
536,2,-1.3488320868902972e-07,8
541,2,-2.663764602093911e-06,8
205,3,-3.757104287984184,8
189,2,-1.6087161212520002e-06,8
460,3,1.9999983495574578,8
467,4,-1.1877252017622944e-06,8
17,3,0.9999967304823545,8
314,1,-1.9808844176677831,8
43,2,-0.5255678009997127,8
530,1,-6.746324219348876e-07,8
225,2,4.1224972444173655,8
511,2,-1.1638777388182129,8
318,2,-1.3301225330208508,8
68,1,1.9999988084792837,8
169,3,-1.62128268105075e-06,8
280,3,0.2714397178187845,8
538,2,-4.0987929229510044e-07,8
171,3,-1.1737056460361249e-07,8
427,3,-1.0401552546591826,8
281,3,0.11011850193655415,8
244,3,1.9999985122863995,8
263,2,-0.7686337796295595,8
27,3,-0.49056874707183035,8
211,3,-2.4390323036290565e-06,8
322,2,-1.2292645082444391e-06,8
125,3,-9.719869556001302e-07,8
134,3,-0.7129616605503671,8
325,3,1.9999973168672447,8
386,3,5.699161706707328,8
182,1,-1.9840495449138782,8
361,3,0.9999981867883965,8
8,2,0.27843019076051423,8
187,2,0.9999982625058079,8
197,2,-0.7160678619314504,8
301,3,-2.172992236623041e-06,8
95,3,2.999998434180814,8
31,4,-0.8057688112477146,8
224,2,3.999996936835258,8
146,2,-2.6990238626828007e-06,8
264,2,-1.226845484196543e-06,8
485,3,0.5754194808979176,8
463,3,-1.2191409981752746e-06,8
509,2,-1.3437887837373327e-06,8
238,3,-4.709742008571251e-06,8
551,3,-0.6835573807553567,8
228,2,-2.5039532690472495,8
424,3,-0.9705384015803697,8
302,3,16.99999753975861,8
213,3,0.9999980759392587,8
599,4,-0.7339988266413107,8
233,2,-4.34601664935336e-06,8
576,2,-5.230381860823977e-07,8
168,3,-0.9529646600655509,8
375,2,8.999997385278471,8
417,3,2.9999980149336007,8
563,4,1.371283694711818,8
246,3,-0.14616220292018545,8
282,3,8.999998500920459,8
272,3,2.9999976905110177,8
150,2,1.9999984361268754,8
266,3,-2.6042788878333537e-06,8
443,2,5.9999973903798365,8
416,3,-1.9046433706931291e-06,8
391,3,5.999998067174977,8
284,4,-2.116240543383429e-06,8
317,2,-3.1725387145393158e-06,8
275,3,-0.9024919837922332,8
259,2,0.8771987151666509,8
409,2,1.9999970733385095,8
559,3,-0.9112052285377953,8
2,1,-2.0170912177908077e-06,8
373,2,0.6516922241229226,8
273,3,-1.6024246493996158e-06,8
462,3,-7.617062880480964e-07,8
342,2,-2.13090786343888,8
142,1,0.9999991956305735,8
166,3,-1.3802180087199795e-06,8
508,2,1.9999973401616213,8
588,3,0.9645739824461141,8
22,3,0.9999984418538611,8
190,2,-1.7512577944443118e-06,8
117,2,6.999997689331556,8
548,3,1.9999988669419528,8
515,3,-1.8071631668632945e-06,8
176,3,-2.67311458093202e-07,8
123,3,1.9999977314902209,8
514,2,12.999997519091975,8
398,4,-1.4407988797217495e-06,8
26,3,-2.9634580273866523e-06,8
249,4,-0.5870151394083252,8
321,2,-0.9558093901766312,8
513,2,0.34457021658665965,8
402,2,-1.1154840480105042,8
139,1,4.999998576741412,8
328,3,-0.8196549180764254,8
34,1,-2.0867991975865767e-06,8
267,3,-1.195204553205243,8
420,3,-2.516607103350972e-06,8
65,4,-1.1588617511838723e-06,8
451,3,-1.4709565922377902e-06,8
353,3,-1.9962966510360274,8
472,1,-6.926992656970755e-07,8
432,1,4.99999738681955,8
250,4,-1.263345929707048,8
422,3,1.999997262045626,8
138,1,-7.756030491304998e-07,8
308,3,1.0077196756409013,8
425,3,1.9999987057705684,8
516,3,2.5928401974053004,8
162,3,-1.3855906295686426e-06,8
279,3,-1.6192910568270377e-06,8
589,3,-1.4355693087997335e-06,8
79,2,-1.1765639601521e-06,8
251,4,4.9999968242022685,8
170,3,-1.5215378096845964e-06,8
145,2,-1.8701046194661013,8
332,3,-1.7432008017431176e-06,8
374,2,-2.0013515381011575e-06,8
575,2,-0.8128341975486939,8
239,3,4.737680092197255,8
109,2,-1.9481491418532856e-06,8
242,3,-2.2838115604627384e-06,8
18,3,0.9999983306605237,8
540,2,-0.5361897980633058,8
423,3,-2.630282336579495e-06,8
174,3,-7.400240148450863e-07,8
535,2,-1.1078660703118421e-06,8
216,4,0.42868204000871235,8
379,2,-1.1509159987114544e-06,8
9,2,-0.6993445809964598,8
218,4,6.999998768074044,8
470,1,0.999998366050168,8
554,3,-8.420794141814405e-07,8
586,3,-1.7984919277842643e-06,8
243,3,1.9999989135794598,8
54,3,2.9999954672328824,8
178,4,-0.42080063667947215,8
188,2,-1.0657234631792208e-06,8
193,2,-1.2784139713627114e-06,8
24,3,-1.7164829591505139e-06,8
254,1,8.999998283947049,8
307,3,0.46661246422317193,8
459,3,1.9999981510960203,8
477,2,-2.6072574102301836e-06,8
84,3,-1.5792907719648452,8
397,4,-1.2430641877032893e-06,8
573,2,-1.7966358019146391,8
334,3,0.9999985294157515,8
90,3,-1.024778624280691,8
439,2,0.15994990282599264,8
405,2,2.9999979724758448,8
327,3,-1.4179586298612027e-06,8
478,2,1.9999979590613202,8
542,2,4.402481677585268,8
521,3,-1.0889955266029381e-06,8
252,4,1.9999950801535908,8
294,2,-1.6178559812320765e-06,8
426,3,-1.4142941180978761e-06,8
377,2,6.31736270981319,8
408,2,-2.8209293769267097e-06,8
574,2,-1.9092320363141777e-06,8
208,3,-1.506921814346121e-06,8
445,2,2.9999984522567518,8
564,4,0.9999990647275386,8
552,3,-1.874561321239615e-06,8
354,3,-2.2659281159035396e-06,8
10,2,-1.9096046368119905e-06,8
487,3,0.9999981817784525,8
553,3,-1.020046071276678e-06,8
121,3,-2.181519373000455e-06,8
212,3,-1.4256812684706924e-06,8
132,3,0.9999987706147485,8
560,4,-1.243718213473029e-06,8
186,2,-1.8776073726744276e-06,8
270,3,0.14187172739907616,8
482,2,-0.886540358047241,8
448,2,2.999999027920504,8
23,3,-1.9853995702668196e-06,8
237,3,-3.741470830839077e-06,8
512,2,0.9999962033169556,8
549,3,-6.08633902906175e-07,8
581,3,-1.0441923437660542e-06,8
484,2,1.9999982624087231,8
199,2,-1.5382437521340389,8
497,3,1.9999980925035885,8
67,1,8.99999762598057,8
510,2,-1.7825506844342409e-06,8
517,3,-1.698471263320666e-06,8
59,3,-1.7079451622332237e-06,8
567,1,-0.056863702514268644,8
450,3,2.9999978853917857,8
66,1,5.257758955920107,8
58,3,-3.823282730135291e-06,8
550,3,-3.582135472834917e-07,8
107,2,4.9999975922740045,8
258,2,-2.746976837284176e-06,8
85,3,-1.5873645618976946,8
372,2,-2.7048863142868403e-06,8
384,3,-1.8810457516511285e-06,8
336,3,-6.812968563078433e-07,8
568,2,-2.8523268685940173e-06,8
198,2,3.09354130462887,8
488,3,-1.9606623467619748,8
352,3,-0.6470685171496456,8
152,2,-0.4069164926616513,8
147,2,-4.0172819460830423e-07,8
419,3,-0.2820109798296686,8
355,3,0.8139862096200807,8
526,4,1.0332381048868715,8
518,3,2.9999982618710512,8
346,2,-1.6009969854723204e-06,8
415,3,-2.1540882889131026,8
83,3,-1.5291708593143685,8
21,3,-3.600770280785371e-06,8
87,3,1.9999979727027166,8
236,3,-3.4322918205343394e-06,8
326,3,-2.086569808236692,8
546,3,1.9999990307233908,8
389,3,-1.6061906758390168e-06,8
89,3,2.0514184034618137,8
74,2,5.999996764673297,8
154,2,7.999998531599611,8
351,3,-2.7434285247593506e-06,8
585,3,-2.0109091407924775e-06,8
75,2,-1.1418027304241748e-06,8
466,4,0.9999990091886937,8
70,1,5.999999118050796,8
88,3,7.999998832896459,8
378,2,-1.1197512567991642e-06,8
543,3,2.999998592127401,8
283,4,-0.9467800204537794,8
106,2,4.913460724083091,8
296,2,0.9999991974515302,8
257,2,-2.0305116313572453e-06,8
558,3,7.999998741060681,8
524,3,-0.8493331824310066,8
528,1,-0.8284282593569311,8
105,1,0.2839582939329719,8
149,2,-1.0518518081716556e-06,8
447,2,-2.3714199738974715,8
36,2,-1.4332318835467661,8
173,3,-1.3983125733941085e-06,8
333,3,-1.5168738423669546e-06,8
475,2,-1.661378203438808,8
30,4,-1.0906537085208948e-06,8
40,2,2.9999972424061467,8
115,2,-1.3762956175015082e-06,8
305,3,-0.7642912294227641,8
493,3,-1.065330687605557e-06,8
390,3,2.9999978258322244,8
376,2,5.999998454294918,8
366,1,-2.898847822449063e-06,8
214,3,-1.2267315624274814e-06,8
196,2,-2.4316404414570405e-06,8
82,3,-7.673387584985164e-06,8
101,1,-2.3453842888705383e-06,8
288,1,-1.0433973417617685e-06,8
41,2,4.528087740620267,8
181,4,1.9999989936169003,8
490,3,7.999998142821035,8
94,3,-1.4102417348495337e-06,8
127,3,-1.1383130611114412e-06,8
185,1,-2.1171599729309446e-06,8
480,2,0.9999977455450593,8
194,2,-1.616874681239511e-06,8
108,2,-1.3218462902026238,8
159,3,0.9999995552853858,8
56,3,-1.0233869247976016e-06,8
525,4,-2.866278985516144e-06,8
557,3,-1.0465259331339993,8
570,2,0.9999980528420965,8
502,1,0.999998380308851,8
371,2,-1.975385686455001e-06,8
330,3,-1.243296410848786e-06,8
25,3,-1.518609646169168e-06,8
387,3,-0.9368347459534531,8
338,4,1.9999977913063514,8
498,3,-7.910697137704809e-07,8
401,1,-1.6124833900357106e-06,8
392,3,0.9999963881005399,8
522,3,-0.739401219194487,8
339,1,1.9999993257414352,8
429,3,-0.8896850484067567,8
388,3,8.999997795023976,8
227,2,-2.3571220023601323e-07,8
38,2,2.9999974377393266,8
319,2,-1.9047926116010153e-06,8
331,3,-1.6259463171585397e-06,8
274,3,-9.62043369295161e-07,8
569,2,3.3756843394766385,8
133,3,1.9999993904708386,8
406,2,-0.8920860945602865,8
120,3,1.9999979425458252,8
292,2,-1.722591038809658e-06,8
278,3,2.999998870393814,8
130,3,1.9999988319339734,8
69,1,-1.1232006493762944e-06,8
468,4,1.3027472748355118,8
452,3,-3.0240009890089483e-06,8
356,3,-0.2813471396960898,8
64,4,-2.421228096878007e-06,8
503,1,-3.0230775633815747e-06,8
499,4,-2.443753185305051e-06,8
286,4,1.9999981294985187,8
428,3,-1.4532271653720729e-06,8
116,2,-1.3920878817140279,8
400,1,-1.1095196168457475e-06,8
77,2,4.743610135602685,8
491,3,-2.794035050505139e-06,8
504,1,0.6524678182440308,8
183,1,-6.952501544235917e-07,8
505,2,0.9999981286001479,8
102,1,-1.519862671475702e-06,8
571,2,1.9999984103886002,8
42,2,10.46033453793347,8
595,3,-0.7405681874714287,8
91,3,1.9999981724555187,8
96,3,8.476478413893908,8
469,1,0.9999981457399427,8
260,2,1.3668526099981892,8
19,3,-1.983590704921261e-06,8
527,4,-1.9028865388408537e-06,8
411,2,0.9999981990476356,8
486,3,7.999997180294371,8
15,2,-2.6161196629134346e-06,8
407,2,-1.0075675276074125,8
247,3,0.9999993232708807,8
200,3,-4.27822744809099e-06,8
80,2,-2.552648149888444e-06,8
14,2,-0.7550878870079937,8
442,2,5.9999974983583915,8
136,4,-2.138748009853193e-06,8
335,3,-2.2350269827638747e-06,8
53,3,-4.455444559551165e-06,8
128,3,1.9999980975847165,8
300,3,6.999998224761057,8
223,1,-1.1424188391578002e-06,8
580,3,-1.6232353068697016e-06,8
248,3,-1.622778903276549e-06,8
523,3,-0.7611103693598009,8
385,3,2.999998201048886,8
110,2,0.5641243722377742,8
165,3,-0.7048273765539865,8
578,2,-8.533513778434267e-07,8
49,3,-0.6606969944782963,8
395,3,-2.1369886618634653e-06,8
311,4,-2.609035605060559e-06,8
97,4,7.9999981533411235,8
221,1,0.19046514421183514,8
179,4,-9.935834711283727e-07,8
359,3,-2.0296558558181837e-06,8
291,2,0.7497171375154452,8
458,3,1.9999987310361305,8
544,3,0.7489393388446413,8
100,4,2.999998430029678,8
204,3,-4.903673789538178e-07,8
73,2,-1.7086269737825106e-06,8
175,3,1.999999067814191,8
446,2,0.9999991779074137,8
57,3,2.999998685527495,8
474,2,1.9999964340447012,8
531,2,-1.7515089376573812e-06,8
285,4,-9.057016909598499e-07,8
277,3,2.999998236506678,8
591,3,-0.9101536040755223,8
112,2,-0.8832312140462816,8
434,1,-1.166337112685467e-06,8
345,2,-1.7861834894801892e-06,8
381,3,-2.2414273220914343e-06,8
164,3,4.999998754587973,8
465,4,0.3454009955090529,8
122,3,-1.5919783538876124,8
471,1,-0.8101403428983399,8
483,2,1.9999982882358767,8
226,2,-1.3012701582599482e-06,8
584,3,-1.4683650173890348,8
367,1,6.999998536930595,8
163,3,-4.927063795171051e-07,8
496,3,5.999998339732731,8
344,2,5.4611400799483185,8
217,4,4.094523812458212,8
234,2,-0.75908291987464,8
348,2,-2.548936086941608e-06,8
316,2,-1.5720400260212845e-06,8
157,3,0.9999993170724644,8
111,2,-1.4792277184337704e-06,8
240,3,0.9999991495420724,8
323,2,-2.2941726143613285e-06,8
597,4,-1.8881209338814824,8
44,2,-2.40822840064275e-06,8
81,3,5.999997831533292,8
341,1,-9.757771985679419e-07,8
481,2,-1.795453610674812e-06,8
404,2,-1.2397034723838131e-06,8
594,3,-1.2076764724398482e-06,8
590,3,-0.7412272324940511,8
184,1,0.9999976812572269,8
577,2,1.999999207215685,8
303,3,0.38681008488045676,8
62,3,-7.657197564028171e-07,8
29,3,-0.6091087496927786,8
456,3,-4.777343582794211e-07,8
587,3,3.9999984764891745,8
161,3,-0.45865157290732544,8
32,1,-1.7729207862374788e-06,8
46,2,5.999998131211294,8
350,3,-1.8528909835742853,8
12,2,5.999997724731551,8
104,1,-0.8922061845514538,8
231,2,2.9999994772131524,8
220,1,-1.8319830637847148,8
60,3,-0.5128483442378116,8
86,3,-0.37144329008633337,8
453,3,-1.0987894374443157,8
519,3,-0.4203765587340085,8
207,3,-2.006670653812666e-06,8
230,2,-3.507639207344941,8
494,3,0.99999718422298,8
241,3,0.9999967441453492,8
347,2,-1.5716217236967696e-06,8
253,1,-1.394812447541771e-06,8
365,4,0.9999978802769155,8
191,2,1.9999983999659432,8
340,1,0.9999988530992252,8
61,3,5.999998888909499,8
418,3,1.999996859247479,8
209,3,-0.9969445875498473,8
315,1,-1.3776132002814392e-06,8
313,4,1.2733467258136997,8
596,4,-0.5188862997362566,8
412,2,0.9999978869342865,8
436,2,-3.4286779516284002e-06,8
298,2,1.999999240266194,8
380,2,-1.0571842350866416e-06,8
271,3,0.41284979832330015,8
310,4,-2.282021127781937e-06,8
202,3,5.635793187222093,8
582,3,0.6707814026017649,8
431,1,14.999997382537304,8
358,3,0.6542073140185014,8
35,1,-1.374052778141514e-06,8
545,3,-1.0517061862190118e-06,8
124,3,-1.9604702246505854e-06,8
1,1,-2.63486371940738e-06,8
201,3,-1.433971663152906e-06,8
598,4,-1.0857900528728551e-06,8
489,3,12.999997902591554,8
363,4,5.999998098074906,8
357,3,0.9999982914326041,8
312,4,-1.6998032214847997e-06,8
268,3,-1.5676681981658303e-06,8
555,3,1.9999988413302208,8
119,3,-1.1267035376989463,8
158,3,-1.0078456108509248e-06,8
126,3,-0.8894732727362719,8
454,3,-1.1023590475532517e-06,8
383,3,5.999997943263408,8
177,3,-1.817631776207388e-06,8
172,3,-7.647394029741341e-07,8
324,3,-4.315197255344346e-06,8
232,2,5.40665644289926,8
593,3,-1.786602914329485e-06,8
464,3,0.9999988131636192,8
556,3,1.999998916506141,8
561,4,6.999999174292432,8
71,2,0.9999986962818335,8
98,4,2.9999985169681276,8
222,1,-0.7351608845010739,8
414,3,-1.649568077538231e-06,8
140,1,7.079190805154479,8
520,3,-1.0869475524930856,8
413,3,-3.7840277625349473e-06,8
72,2,-1.5495878049032547e-06,8
235,3,0.9999965722202813,8
501,4,0.01881778714825466,8
306,3,4.999997362911361,8
148,2,5.999997333558635,8
438,2,-1.1883817151181643e-06,8
437,2,-1.1059830934959647e-06,8
506,2,0.8644777837881106,8
3,1,-2.192680049284945e-06,8
382,3,2.99999807130007,8
304,3,-1.3333421495104947,8
476,2,-2.164783621439,8
534,2,-3.672100326380695e-07,8
45,2,0.9999988624261557,8
50,3,-1.1783642644714847,8
293,2,-1.6934374991405294,8
297,2,-1.8354670461555184e-06,8
399,1,-2.682759097964635e-06,8
137,4,1.9999990866337904,8
532,2,-1.583598470705043,8
113,2,3.172080477957055,8
195,2,-1.0000016383662322,8
103,1,0.9999983330361039,8
39,2,-1.7929197315336417e-06,8
215,4,-1.259874847723038e-06,8
206,3,0.9999981114322175,8
309,3,0.7727654421922794,8
92,3,5.999998676846563,8
287,1,-0.202479023993694,8
262,2,1.9999984351942857,8
430,4,-0.611090643913911,8
151,2,-1.2353518606472798,8
337,4,-1.4030424261703575e-06,8
396,3,2.1696656526802687,8
11,2,0.999998166503779,8
393,3,-1.4682786713814749e-06,8
5,2,-2.0667665681694167,8
4,1,1.9999976978481508,8
320,2,0.9999984107293726,8
37,2,5.999997521350384,8
299,3,0.9999974288531411,8
52,3,2.1817693252481023,8
180,4,-2.382681551372789e-06,8
28,3,-0.9017223727613289,8
364,4,1.9999988456431348,8
533,2,-9.701826685498928e-07,8
572,2,1.2492717759489433,8
433,1,-1.9127376490938995e-06,8
369,1,4.614484396698764,8
135,4,-0.935597769138572,8
265,2,-0.6850507822175445,8
295,2,-2.924861049489381e-06,8
51,3,-1.6741086189488333e-06,8
583,3,-1.8128229663316667e-06,8
48,3,-1.4993667593084554,8
441,2,1.9999980771777643,8
93,3,0.9999987975988357,8
500,4,-1.0324979071631608e-06,8
343,2,-1.9012391464037448,8
55,3,-1.2056162725089716e-06,8
47,3,-1.8481777807412982,8
492,3,-2.8143321735334593e-06,8
410,2,-1.6953481325175903e-06,8
129,3,-1.8033502117970157,8
7,2,-2.9014467690978696e-06,8
155,2,0.9999992409325208,8
370,2,2.9999973730686906,8
579,3,-1.3948594612816092e-06,8
255,1,1.9999976324821045,8
368,1,9.999998528449154,8
210,3,-2.6266192778419625e-06,8
229,2,-0.6392602067266568,8
245,3,-0.737189773939038,8
131,3,0.9999991676937304,8
444,2,-2.0011254750098497e-06,8
6,2,1.999996477379508,8
33,1,-0.7438262421812508,8
566,1,-2.5555709673102906e-06,8
76,2,1.9999991102702654,8
479,2,-1.326879571328507e-06,8
269,3,-1.1519145663058213e-06,8
118,2,7.999998774646116,8
449,3,8.999996049369846,8
289,1,-1.273680860723075e-06,8
20,3,-1.8500105857576508,8
592,3,-5.210038647372137e-07,8
192,2,-2.0260992438620918e-06,8
156,2,0.9999986531773596,8
473,2,-8.090233224159715e-07,8
203,3,1.999998418208127,8
153,2,-6.413470903200972e-07,8
360,3,3.999998830149666,8
435,1,5.999999010943958,8
362,4,-2.235782978614907,8
495,3,-1.464423373800608e-06,8
256,2,-1.4745355203277246,8
461,3,-9.618557517813031e-07,8
403,2,-0.6269315279631937,8
455,3,9.999997728736446,8
167,3,-8.546716589457767e-07,8
63,3,-0.729113091433791,8
16,3,0.9999966912584253,8
394,3,-1.7980848208188388e-06,8
160,3,-1.3222149095951654e-06,8
13,2,-0.8416338418447281,8
144,2,1.9999986085033463,8
457,3,11.999997735349208,8
547,3,-1.0746540716394624e-06,8
529,1,-1.3755709051231804e-06,8
329,3,-1.7364216724412926e-06,8
537,2,-1.3488320868902972e-07,8
261,2,-2.0545093057992725,8
539,2,-0.45701235141226065,8
143,2,-0.25287850131984824,8
114,2,10.524855357194673,8
219,4,4.999999233018678,8
421,3,-0.2603715784038174,8
562,4,1.9999986169618447,8
286,4,-1.870501481227268e-06,8
49,3,-0.6606969944782963,8
394,3,-1.7980848208188388e-06,8
341,1,-9.757771985679419e-07,8
277,3,4.999998236506678,8
223,1,-1.1424188391578002e-06,8
148,2,0.9999973335586355,8
564,4,-9.352724613742426e-07,8
405,2,-2.027524155313028e-06,8
301,3,-2.172992236623041e-06,8
157,3,-6.829275355889903e-07,8
74,2,0.9999967646732967,8
66,1,-0.742241044079893,8
428,3,-1.4532271653720729e-06,8
510,2,-1.7825506844342409e-06,8
155,2,-7.590674792294244e-07,8
574,2,-1.9092320363141777e-06,8
468,4,-0.6972527251644883,8
180,4,-2.382681551372789e-06,8
554,3,-8.420794141814405e-07,8
321,2,-0.9558093901766312,8
377,2,-0.68263729018681,8
257,2,-2.0305116313572453e-06,8
184,1,1.9999976812572269,8
46,2,-1.8687887061377353e-06,8
39,2,0.9999982070802684,8
435,1,4.999999010943958,8
123,3,-2.2685097791445114e-06,8
240,3,-8.504579275890604e-07,8
250,4,-1.263345929707048,8
275,3,-0.9024919837922332,8
518,3,7.999998261871051,8
388,3,-2.204976024821109e-06,8
539,2,-0.45701235141226065,8
393,3,-1.4682786713814749e-06,8
421,3,1.7396284215961826,8
459,3,-1.8489039797178116e-06,8
192,2,-2.0260992438620918e-06,8
542,2,-1.5975183224147318,8
506,2,-1.1355222162118894,8
37,2,-2.4786496161213094e-06,8
52,3,-0.8182306747518978,8
214,3,-1.2267315624274814e-06,8
324,3,-4.315197255344346e-06,8
136,4,-2.138748009853193e-06,8
56,3,4.9999989766130755,8
495,3,1.999998535576626,8
172,3,-7.647394029741341e-07,8
142,1,0.9999991956305735,8
547,3,-1.0746540716394624e-06,8
552,3,0.9999981254386787,8
129,3,-1.8033502117970157,8
36,2,-1.4332318835467661,8
38,2,-2.562260673399003e-06,8
13,2,-0.8416338418447281,8
276,3,0.9999979879318937,8
145,2,-1.8701046194661013,8
497,3,-1.907496411383118e-06,8
453,3,-0.09878943744431568,8
31,4,-0.8057688112477146,8
79,2,-1.1765639601521e-06,8
15,2,1.999997383880337,8
532,2,-1.583598470705043,8
382,3,-1.00000192869993,8
578,2,0.9999991466486221,8
430,4,0.388909356086089,8
309,3,-1.2272345578077206,8
458,3,1.9999987310361305,8
9,2,-0.6993445809964598,8
450,3,1.9999978853917855,8
18,3,-1.6693394763310972e-06,8
203,3,-1.581791873036853e-06,8
298,2,0.9999992402661938,8
589,3,-1.4355693087997335e-06,8
272,3,0.9999976905110178,8
32,1,-1.7729207862374788e-06,8
64,4,2.9999975787719033,8
77,2,0.7436101356026852,8
220,1,-1.8319830637847148,8
566,1,-2.5555709673102906e-06,8
271,3,0.41284979832330015,8
417,3,-1.9850663991861703e-06,8
167,3,-8.546716589457767e-07,8
290,2,-0.5943076253160764,8
318,2,1.6698774669791492,8
400,1,0.9999988904803832,8
585,3,-2.0109091407924775e-06,8
230,2,4.4923607926550595,8
20,3,-1.8500105857576508,8
75,2,2.9999988581972694,8
248,3,-1.622778903276549e-06,8
527,4,5.999998097113461,8
515,3,-1.8071631668632945e-06,8
462,3,-7.617062880480964e-07,8
332,3,0.9999982567991983,8
305,3,-0.7642912294227641,8
186,2,1.9999981223926273,8
345,2,-1.7861834894801892e-06,8
412,2,0.9999978869342865,8
320,2,-1.589270627446556e-06,8
135,4,14.064402230861429,8
434,1,3.9999988336628873,8
234,2,5.24091708012536,8
583,3,1.9999981871770336,8
281,3,5.1101185019365545,8
470,1,-1.6339498319506553e-06,8
536,2,-1.3488320868902972e-07,8
293,2,-1.6934374991405294,8
55,3,2.9999987943837274,8
534,2,-3.672100326380695e-07,8
35,1,12.999998625947223,8
22,3,-1.558146138872598e-06,8
236,3,-3.4322918205343394e-06,8
247,3,-6.767291193199753e-07,8
156,2,-1.3468226404091024e-06,8
256,2,4.525464479672276,8
41,2,-0.4719122593797338,8
5,2,-2.0667665681694167,8
238,3,-4.709742008571251e-06,8
108,2,-0.3218462902026238,8
361,3,-1.0000018132116035,8
563,4,-0.6287163052881819,8
343,2,3.0987608535962554,8
73,2,-1.7086269737825106e-06,8
573,2,-1.7966358019146391,8
385,3,-1.798951114010493e-06,8
232,2,-2.5933435571007397,8
570,2,-1.9471579034167792e-06,8
76,2,1.9999991102702654,8
426,3,1.999998585705882,8
481,2,-1.795453610674812e-06,8
259,2,3.877198715166651,8
466,4,-9.908113063570907e-07,8
245,3,0.26281022606096205,8
304,3,2.6666578504895053,8
138,1,0.9999992243969509,8
524,3,-0.8493331824310066,8
579,3,1.9999986051405387,8
282,3,-1.4990795421361509e-06,8
235,3,-3.4277797187457735e-06,8
457,3,6.999997735349207,8
42,2,-0.5396654620665305,8
342,2,-2.13090786343888,8
517,3,2.999998301528737,8
384,3,-1.8810457516511285e-06,8
383,3,-2.0567365918907212e-06,8
243,3,-1.0864205402836087e-06,8
159,3,-4.447146142797313e-07,8
520,3,-1.0869475524930856,8
559,3,1.0887947714622048,8
219,4,-7.669813217543093e-07,8
190,2,0.9999982487422056,8
194,2,-1.616874681239511e-06,8
478,2,0.99999795906132,8
550,3,-3.582135472834917e-07,8
161,3,-0.45865157290732544,8
6,2,4.999996477379508,8
251,4,10.999996824202269,8
233,2,12.999995653983351,8
255,1,2.9999976324821045,8
154,2,-1.468400389145262e-06,8
513,2,-0.6554297834133403,8
69,1,5.999998876799351,8
246,3,2.8538377970798146,8
106,2,-2.0865392759169095,8
198,2,0.09354130462887,8
176,3,-2.67311458093202e-07,8
611,2,-0.5663580343973849,8
24,3,-1.7164829591505139e-06,8
174,3,1.999999259975985,8
143,2,8.747121498680151,8
358,3,-1.3457926859814986,8
557,3,-1.0465259331339993,8
477,2,0.9999973927425898,8
111,2,-1.4792277184337704e-06,8
139,1,-1.4232585881246317e-06,8
88,3,0.9999988328964587,8
325,3,-2.6831327553792866e-06,8
577,2,0.9999992072156849,8
420,3,5.999997483392897,8
530,1,-6.746324219348876e-07,8
253,1,-1.394812447541771e-06,8
3,1,-2.192680049284945e-06,8
599,4,-0.7339988266413107,8
461,3,-9.618557517813031e-07,8
416,3,0.9999980953566293,8
354,3,1.9999977340718842,8
565,1,-0.08840097671283348,8
152,2,0.5930835073383487,8
132,3,2.9999987706147486,8
498,3,-7.910697137704809e-07,8
580,3,4.999998376764693,8
576,2,-5.230381860823977e-07,8
2,1,-2.0170912177908077e-06,8
427,3,-1.0401552546591826,8
160,3,-1.3222149095951654e-06,8
604,2,-1.1038840442168894e-06,8
402,2,-1.1154840480105042,8
102,1,-1.519862671475702e-06,8
166,3,-1.3802180087199795e-06,8
613,3,-8.486905053915162e-07,8
595,3,-0.7405681874714287,8
300,3,-1.7752389436845876e-06,8
196,2,-2.4316404414570405e-06,8
424,3,-0.9705384015803697,8
126,3,-0.8894732727362719,8
436,2,7.999996571322049,8
125,3,1.9999990280130444,8
144,2,1.9999986085033463,8
278,3,-1.1296061857264456e-06,8
551,3,0.31644261924464334,8
83,3,0.47082914068563153,8
366,1,-2.898847822449063e-06,8
617,3,-1.3291794764596734,8
57,3,-1.3144725050746513e-06,8
521,3,-1.0889955266029381e-06,8
187,2,1.999998262505808,8
494,3,0.99999718422298,8
296,2,7.9999991974515305,8
224,2,5.999996936835259,8
378,2,-1.1197512567991642e-06,8
229,2,5.360739793273343,8
401,1,-1.6124833900357106e-06,8
419,3,0.7179890201703314,8
326,3,3.913430191763308,8
484,2,1.9999982624087231,8
127,3,-1.1383130611114412e-06,8
601,1,-7.906362084624088e-07,8
392,3,-3.611899460113468e-06,8
280,3,-0.7285602821812155,8
299,3,0.9999974288531411,8
407,2,-1.0075675276074125,8
90,3,-1.024778624280691,8
501,4,7.018817787148254,8
50,3,1.8216357355285153,8
81,3,0.9999978315332917,8
328,3,-1.8196549180764254,8
455,3,5.999997728736446,8
339,1,0.9999993257414352,8
399,1,1.999997317240902,8
442,2,-2.501641608797372e-06,8
540,2,-0.5361897980633058,8
295,2,-2.924861049489381e-06,8
493,3,-1.065330687605557e-06,8
603,2,-1.6392320741225822e-06,8
408,2,5.999997179070623,8
164,3,-1.2454120265122395e-06,8
175,3,-9.321858088870224e-07,8
451,3,0.9999985290434078,8
25,3,-1.518609646169168e-06,8
499,4,-2.443753185305051e-06,8
218,4,-1.2319259558062888e-06,8
522,3,-0.739401219194487,8
319,2,5.999998095207388,8
30,4,0.9999989093462914,8
335,3,2.9999977649730174,8
303,3,-1.6131899151195432,8
137,4,-9.133662095174649e-07,8
158,3,-1.0078456108509248e-06,8
381,3,0.9999977585726779,8
217,4,5.094523812458212,8
252,4,5.999995080153591,8
596,4,-0.5188862997362566,8
441,2,-1.9228222355593635e-06,8
337,4,6.999998596957574,8
588,3,-1.0354260175538859,8
263,2,-0.7686337796295595,8
285,4,0.999999094298309,8
8,2,-1.7215698092394858,8
537,2,-1.3488320868902972e-07,8
571,2,-1.589611399922804e-06,8
500,4,-1.0324979071631608e-06,8
177,3,-1.817631776207388e-06,8
582,3,-1.3292185973982351,8
602,1,-2.3586659452066087e-06,8
590,3,0.2587727675059489,8
191,2,-1.6000340568845476e-06,8
373,2,0.6516922241229226,8
40,2,3.9999972424061467,8
91,3,1.9999981724555187,8
575,2,-0.8128341975486939,8
84,3,-1.5792907719648452,8
367,1,-1.463069405230728e-06,8
514,2,-2.4809080252454185e-06,8
96,3,1.4764784138939078,8
173,3,1.9999986016874267,8
314,1,7.019115582332217,8
327,3,-1.4179586298612027e-06,8
311,4,-2.609035605060559e-06,8
561,4,-8.257075676626582e-07,8
266,3,2.9999973957211123,8
410,2,-1.6953481325175903e-06,8
283,4,0.0532199795462206,8
587,3,-1.5235108255282346e-06,8
131,3,-8.323062695208791e-07,8
606,2,-0.9317703078560904,8
189,2,-1.6087161212520002e-06,8
27,3,-0.49056874707183035,8
591,3,1.0898463959244777,8
202,3,-1.3642068127779066,8
103,1,-1.6669638961148757e-06,8
205,3,5.242895712015816,8
231,2,-5.227868474915035e-07,8
43,2,2.4744321990002875,8
308,3,-0.9922803243590989,8
423,3,1.9999973697176634,8
538,2,-4.0987929229510044e-07,8
482,2,1.1134596419527591,8
291,2,-3.250282862484555,8
360,3,-1.1698503340562547e-06,8
504,1,-0.3475321817559692,8
609,2,-1.4090020020801543e-06,8
546,3,-9.692766092892064e-07,8
87,3,-2.027297283403107e-06,8
122,3,-1.5919783538876124,8
82,3,-7.673387584985164e-06,8
171,3,1.9999998826294354,8
264,2,-1.226845484196543e-06,8
241,3,-3.255854650744326e-06,8
525,4,-2.866278985516144e-06,8
516,3,0.5928401974053004,8
99,4,-2.5527334067287664e-06,8
221,1,6.190465144211835,8
28,3,-0.9017223727613289,8
406,2,-0.8920860945602865,8
562,4,-1.3830381552693981e-06,8
4,1,8.999997697848151,8
475,2,0.33862179656119196,8
333,3,-1.5168738423669546e-06,8
44,2,5.999997591771599,8
307,3,1.466612464223172,8
544,3,-1.2510606611553587,8
474,2,0.9999964340447012,8
449,3,0.9999960493698457,8
418,3,-3.1407525208961534e-06,8
163,3,-4.927063795171051e-07,8
425,3,6.999998705770569,8
21,3,1.9999963992297192,8
355,3,-1.1860137903799193,8
310,4,0.9999977179788723,8
294,2,0.9999983821440188,8
505,2,-1.871399852119153e-06,8
149,2,8.999998948148193,8
254,1,2.9999982839470487,8
363,4,-1.9019250936654789e-06,8
479,2,1.9999986731204287,8
104,1,0.10779381544854616,8
92,3,-1.3231534368171288e-06,8
316,2,-1.5720400260212845e-06,8
491,3,5.99999720596495,8
352,3,-0.6470685171496456,8
107,2,1.9999975922740043,8
568,2,-2.8523268685940173e-06,8
113,2,-1.827919522042945,8
581,3,2.9999989558076563,8
97,4,-1.8466588766936551e-06,8
178,4,-0.42080063667947215,8
338,4,-2.2086936485933025e-06,8
567,1,-1.0568637025142686,8
503,1,0.9999969769224366,8
109,2,1.9999980518508582,8
437,2,0.9999988940169066,8
543,3,-1.407872599146166e-06,8
431,1,6.999997382537304,8
456,3,5.999999522265642,8
467,4,-1.1877252017622944e-06,8
489,3,-2.0974084467196358e-06,8
153,2,4.99999935865291,8
432,1,0.9999973868195502,8
279,3,-1.6192910568270377e-06,8
260,2,6.3668526099981895,8
362,4,-0.23578297861490682,8
369,1,-1.3855156033012361,8
228,2,14.49604673095275,8
616,3,-0.692617841307039,8
140,1,-0.9208091948455213,8
34,1,-2.0867991975865767e-06,8
273,3,-1.6024246493996158e-06,8
555,3,-1.1586697792805549e-06,8
439,2,0.15994990282599264,8
315,1,0.9999986223867997,8
12,2,-2.2752684487626222e-06,8
347,2,-1.5716217236967696e-06,8
469,1,-1.8542600572782232e-06,8
213,3,4.999998075939259,8
395,3,-2.1369886618634653e-06,8
287,1,-0.202479023993694,8
533,2,-9.701826685498928e-07,8
16,3,0.9999966912584253,8
376,2,0.9999984542949181,8
61,3,-1.1110905013318542e-06,8
572,2,-0.7507282240510567,8
598,4,-1.0857900528728551e-06,8
334,3,4.999998529415752,8
454,3,-1.1023590475532517e-06,8
443,2,-2.6096201634458844e-06,8
288,1,-1.0000010433973419,8
62,3,-7.657197564028171e-07,8
188,2,1.9999989342765367,8
526,4,-0.9667618951131286,8
179,4,1.999999006416529,8
471,1,2.18985965710166,8
193,2,0.9999987215860286,8
511,2,-1.1638777388182129,8
584,3,3.5316349826109654,8
197,2,1.2839321380685496,8
124,3,-1.9604702246505854e-06,8
78,2,1.9999985640055093,8
59,3,8.999998292054837,8
54,3,-4.532767117641409e-06,8
507,2,0.9999975435117138,8
212,3,1.9999985743187316,8
60,3,0.48715165576218844,8
586,3,6.999998201508072,8
541,2,-2.663764602093911e-06,8
249,4,-1.5870151394083252,8
306,3,0.9999973629113607,8
372,2,-2.7048863142868403e-06,8
146,2,1.9999973009761374,8
610,2,-1.5412816070143183e-06,8
398,4,-1.4407988797217495e-06,8
86,3,0.6285567099136666,8
350,3,-0.8528909835742853,8
371,2,-1.975385686455001e-06,8
120,3,-2.057454174891571e-06,8
71,2,0.9999986962818335,8
391,3,-1.9328250229083042e-06,8
269,3,-1.1519145663058213e-06,8
463,3,-1.2191409981752746e-06,8
365,4,4.999997880276916,8
403,2,-1.6269315279631937,8
237,3,5.999996258529169,8
207,3,0.9999979933293461,8
348,2,-2.548936086941608e-06,8
98,4,0.9999985169681277,8
150,2,0.9999984361268753,8
239,3,1.7376800921972548,8
483,2,-1.7117641233617742e-06,8
313,4,-0.7266532741863003,8
33,1,-0.7438262421812508,8
110,2,-0.43587562776222577,8
594,3,1.9999987923235276,8
356,3,-1.2813471396960898,8
262,2,0.9999984351942856,8
226,2,-1.3012701582599482e-06,8
105,1,0.2839582939329719,8
389,3,-1.6061906758390168e-06,8
529,1,1.9999986244290948,8
29,3,-0.6091087496927786,8
387,3,-0.9368347459534531,8
346,2,0.9999983990030146,8
519,3,-0.4203765587340085,8
261,2,8.945490694200728,8
329,3,0.9999982635783276,8
476,2,-2.164783621439,8
429,3,6.110314951593243,8
448,2,-9.720794961705741e-07,8
48,3,-1.4993667593084554,8
615,3,-1.398970458635318e-06,8
53,3,1.9999955445554405,8
560,4,-1.243718213473029e-06,8
210,3,9.999997373380722,8
353,3,0.003703348963972619,8
379,2,-1.1509159987114544e-06,8
85,3,-0.5873645618976946,8
199,2,1.4617562478659611,8
183,1,-6.952501544235917e-07,8
597,4,-1.8881209338814824,8
23,3,0.9999980146004297,8
375,2,6.999997385278472,8
396,3,-0.8303343473197313,8
222,1,2.2648391154989262,8
605,2,-1.2601893936432374e-06,8
349,2,2.9999975571655453,8
10,2,-1.9096046368119905e-06,8
118,2,1.999998774646116,8
433,1,-1.9127376490938995e-06,8
94,3,-1.4102417348495337e-06,8
312,4,-1.6998032214847997e-06,8
592,3,-5.210038647372137e-07,8
147,2,0.9999995982718054,8
134,3,1.2870383394496328,8
80,2,1.99999744735185,8
112,2,1.1167687859537185,8
45,2,0.9999988624261557,8
490,3,-1.8571789650239607e-06,8
26,3,3.9999970365419726,8
549,3,-6.08633902906175e-07,8
359,3,8.999997970344145,8
607,2,-6.270734796780994e-07,8
101,1,1.9999976546157112,8
397,4,-1.2430641877032893e-06,8
496,3,-1.6602672698523332e-06,8
523,3,-0.7611103693598009,8
51,3,0.999998325891381,8
608,2,-1.3128974080520376e-06,8
258,2,5.999997253023163,8
502,1,-1.6196911489527295e-06,8
206,3,-1.8885677825254074e-06,8
19,3,1.999998016409295,8
409,2,14.999997073338509,8
182,1,-1.9840495449138782,8
531,2,-1.7515089376573812e-06,8
14,2,-0.7550878870079937,8
357,3,11.999998291432604,8
380,2,-1.0571842350866416e-06,8
165,3,1.2951726234460135,8
215,4,-1.259874847723038e-06,8
370,2,3.9999973730686906,8
209,3,0.003055412450152728,8
488,3,-0.9606623467619748,8
117,2,-2.310668444522029e-06,8
509,2,-1.3437887837373327e-06,8
486,3,-2.8197056289233273e-06,8
115,2,1.9999986237043825,8
404,2,0.9999987602965276,8
195,2,-1.6383662322181573e-06,8
600,1,-1.4009906674534038e-06,8
274,3,-9.62043369295161e-07,8
446,2,-8.220925863702699e-07,8
162,3,0.9999986144093704,8
480,2,-2.2544549407077585e-06,8
133,3,5.999999390470839,8
267,3,0.8047954467947569,8
270,3,1.1418717273990762,8
284,4,1.9999978837594565,8
612,3,-0.37939436184586334,8
340,1,0.9999988530992252,8
211,3,6.999997560967697,8
63,3,1.270886908566209,8
447,2,-2.3714199738974715,8
422,3,2.999997262045626,8
72,2,-1.5495878049032547e-06,8
302,3,3.999997539758609,8
614,3,-1.5524960147053182,8
460,3,6.999998349557458,8
386,3,-1.3008382932926719,8
364,4,-1.154356865238896e-06,8
17,3,4.999996730482355,8
151,2,-1.2353518606472798,8
444,2,-2.0011254750098497e-06,8
114,2,-0.4751446428053268,8
7,2,-2.9014467690978696e-06,8
93,3,-1.2024011642540539e-06,8
535,2,-1.1078660703118421e-06,8
445,2,0.9999984522567517,8
413,3,0.9999962159722374,8
68,1,-1.1915207163508293e-06,8
70,1,-8.819492041265725e-07,8
185,1,-2.1171599729309446e-06,8
89,3,-0.9485815965381864,8
201,3,0.9999985660283368,8
512,2,-3.7966830443866815e-06,8
374,2,-2.0013515381011575e-06,8
268,3,-1.5676681981658303e-06,8
569,2,-1.6243156605233613,8
47,3,-1.8481777807412982,8
170,3,2.9999984784621905,8
100,4,0.9999984300296777,8
472,1,1.9999993073007343,8
1,1,-2.63486371940738e-06,8
141,1,0.9999984657952965,8
344,2,-0.5388599200516816,8
558,3,1.9999987410606805,8
492,3,-2.8143321735334593e-06,8
464,3,3.9999988131636193,8
440,2,-3.064197656634419e-06,8
297,2,-1.8354670461555184e-06,8
169,3,1.999998378717319,8
289,1,6.99999872631914,8
181,4,-1.0063830997183521e-06,8
390,3,-2.174167775394142e-06,8
368,1,-1.4715508449681182e-06,8
487,3,-1.8182215475920605e-06,8
208,3,0.9999984930781857,8
548,3,-1.1330580471823763e-06,8
119,3,4.873296462301054,8
242,3,5.99999771618844,8
58,3,4.99999617671727,8
331,3,-1.6259463171585397e-06,8
265,2,5.3149492177824555,8
225,2,-1.8775027555826342,8
323,2,-2.2941726143613285e-06,8
473,2,-8.090233224159715e-07,8
168,3,1.0470353399344492,8
553,3,-1.020046071276678e-06,8
204,3,-4.903673789538178e-07,8
11,2,-1.8334962209392324e-06,8
556,3,-1.0834938591344366e-06,8
508,2,-2.6598383786602093e-06,8
227,2,0.9999997642877998,8
116,2,-1.3920878817140279,8
414,3,0.9999983504319224,8
200,3,1.999995721772552,8
67,1,0.9999976259805696,8
528,1,-0.8284282593569311,8
121,3,-2.181519373000455e-06,8
438,2,3.9999988116182847,8
95,3,-1.565819185811614e-06,8
485,3,0.5754194808979176,8
128,3,7.999998097584716,8
317,2,0.9999968274612855,8
411,2,6.999998199047636,8
322,2,-1.2292645082444391e-06,8
593,3,-1.786602914329485e-06,8
545,3,-1.0517061862190118e-06,8
465,4,-0.6545990044909471,8
244,3,-1.487713600615774e-06,8
452,3,-3.0240009890089483e-06,8
351,3,5.999997256571476,8
130,3,2.9999988319339734,8
330,3,-1.243296410848786e-06,8
216,4,-0.5713179599912876,8
292,2,0.9999982774089612,8
336,3,8.999999318703143,8
65,4,-1.1588617511838723e-06,8
415,3,-2.1540882889131026,8
403,2,-1.6269315279631937,8
58,3,-3.823282730135291e-06,8
366,1,1.9999971011521775,8
249,4,-2.587015139408325,8
394,3,1.9999982019151792,8
553,3,-1.020046071276678e-06,8
485,3,-1.4245805191020824,8
540,2,-0.5361897980633058,8
451,3,-1.4709565922377902e-06,8
529,1,-1.3755709051231804e-06,8
411,2,1.9999981990476356,8
203,3,-1.581791873036853e-06,8
393,3,-1.4682786713814749e-06,8
209,3,6.003055412450153,8
325,3,-2.6831327553792866e-06,8
383,3,-2.0567365918907212e-06,8
213,3,-1.924060741264175e-06,8
359,3,1.9999979703441442,8
270,3,-0.8581282726009238,8
353,3,-0.9962966510360274,8
315,1,1.9999986223867998,8
426,3,-1.4142941180978761e-06,8
630,1,0.999998698994582,8
305,3,9.235708770577236,8
317,2,-3.1725387145393158e-06,8
415,3,-2.1540882889131026,8
354,3,0.9999977340718841,8
571,2,-1.589611399922804e-06,8
479,2,0.9999986731204287,8
183,1,-6.952501544235917e-07,8
210,3,1.9999973733807221,8
373,2,0.6516922241229226,8
494,3,-2.815777019951746e-06,8
321,2,-0.9558093901766312,8
84,3,-0.5792907719648452,8
585,3,0.9999979890908592,8
512,2,0.9999962033169556,8
536,2,-1.3488320868902972e-07,8
443,2,0.9999973903798366,8
575,2,0.1871658024513061,8
405,2,0.9999979724758447,8
402,2,-1.1154840480105042,8
555,3,-1.1586697792805549e-06,8
273,3,-1.6024246493996158e-06,8
350,3,-1.8528909835742853,8
253,1,-1.394812447541771e-06,8
490,3,-1.8571789650239607e-06,8
420,3,1.9999974833928966,8
603,2,1.999998360767926,8
177,3,0.9999981823682238,8
594,3,8.999998792323527,8
318,2,4.669877466979149,8
67,1,1.9999976259805696,8
314,1,6.019115582332217,8
622,3,0.9999995743545806,8
379,2,-1.1509159987114544e-06,8
250,4,-1.263345929707048,8
528,1,0.1715717406430689,8
390,3,-2.174167775394142e-06,8
398,4,1.9999985592011202,8
65,4,0.9999988411382488,8
192,2,-2.0260992438620918e-06,8
423,3,1.9999973697176634,8
21,3,-3.600770280785371e-06,8
515,3,-1.8071631668632945e-06,8
301,3,9.999997827007764,8
50,3,-1.1783642644714847,8
431,1,-2.617462696649496e-06,8
526,4,0.0332381048868714,8
27,3,0.5094312529281697,8
231,2,0.9999994772131525,8
306,3,8.99999736291136,8
352,3,-0.6470685171496456,8
598,4,-1.0857900528728551e-06,8
72,2,-1.5495878049032547e-06,8
76,2,5.999999110270266,8
5,2,-2.0667665681694167,8
80,2,1.99999744735185,8
78,2,0.9999985640055093,8
41,2,-1.4719122593797338,8
252,4,-4.919846409077289e-06,8
25,3,9.999998481390353,8
59,3,-1.7079451622332237e-06,8
560,4,-1.243718213473029e-06,8
583,3,-1.8128229663316667e-06,8
461,3,1.9999990381442483,8
320,2,-1.589270627446556e-06,8
572,2,-0.7507282240510567,8
397,4,6.999998756935812,8
434,1,-1.166337112685467e-06,8
256,2,-1.4745355203277246,8
418,3,1.999996859247479,8
493,3,1.9999989346693123,8
99,4,-2.5527334067287664e-06,8
621,3,-1.0157031342471316e-06,8
69,1,0.9999988767993506,8
43,2,-0.5255678009997127,8
311,4,5.999997390964395,8
363,4,-1.9019250936654789e-06,8
34,1,-2.0867991975865767e-06,8
194,2,5.999998383125319,8
299,3,-2.571146858829905e-06,8
502,1,-1.6196911489527295e-06,8
66,1,1.257758955920107,8
86,3,0.6285567099136666,8
558,3,-1.2589393194424476e-06,8
561,4,-8.257075676626582e-07,8
433,1,4.999998087262351,8
467,4,1.9999988122747983,8
257,2,-2.0305116313572453e-06,8
195,2,1.9999983616337678,8
81,3,1.9999978315332918,8
447,2,-2.3714199738974715,8
510,2,0.9999982174493156,8
531,2,-1.7515089376573812e-06,8
361,3,-1.813211603484802e-06,8
254,1,-1.7160529514955493e-06,8
404,2,0.9999987602965276,8
265,2,0.31494921778245555,8
307,3,5.4666124642231715,8
456,3,-4.777343582794211e-07,8
465,4,1.345400995509053,8
492,3,-2.8143321735334593e-06,8
202,3,-1.3642068127779066,8
442,2,-2.501641608797372e-06,8
410,2,-1.6953481325175903e-06,8
95,3,1.9999984341808141,8
577,2,2.999999207215685,8
319,2,0.9999980952073884,8
421,3,-1.2603715784038174,8
14,2,0.24491211299200633,8
364,4,-1.154356865238896e-06,8
302,3,5.999997539758609,8
33,1,6.2561737578187495,8
94,3,0.9999985897582652,8
308,3,-0.9922803243590989,8
13,2,8.158366158155271,8
73,2,-1.7086269737825106e-06,8
266,3,1.9999973957211121,8
6,2,2.9999964773795083,8
422,3,1.999997262045626,8
581,3,-1.0441923437660542e-06,8
54,3,-4.532767117641409e-06,8
595,3,-0.7405681874714287,8
184,1,-2.3187427731740563e-06,8
413,3,-3.7840277625349473e-06,8
517,3,-1.698471263320666e-06,8
452,3,-3.0240009890089483e-06,8
399,1,-2.682759097964635e-06,8
549,3,-6.08633902906175e-07,8
612,3,-1.3793943618458633,8
26,3,14.999997036541973,8
459,3,-1.8489039797178116e-06,8
554,3,-8.420794141814405e-07,8
614,3,4.447503985294682,8
42,2,0.46033453793346946,8
428,3,18.999998546772833,8
15,2,5.999997383880337,8
484,2,0.9999982624087231,8
323,2,-2.2941726143613285e-06,8
534,2,-3.672100326380695e-07,8
523,3,-0.7611103693598009,8
64,4,1.999997578771903,8
44,2,6.999997591771599,8
71,2,1.9999986962818335,8
424,3,-0.9705384015803697,8
395,3,-2.1369886618634653e-06,8
52,3,-0.8182306747518978,8
35,1,-1.374052778141514e-06,8
83,3,0.47082914068563153,8
220,1,6.1680169362152855,8
357,3,4.999998291432604,8
507,2,-2.456488286234505e-06,8
2,1,0.9999979829087822,8
409,2,1.9999970733385095,8
505,2,-1.871399852119153e-06,8
17,3,-3.2695176455077613e-06,8
548,3,-1.1330580471823763e-06,8
437,2,-1.1059830934959647e-06,8
87,3,-2.027297283403107e-06,8
567,1,-1.0568637025142686,8
309,3,-1.2272345578077206,8
371,2,0.9999980246143135,8
566,1,-2.5555709673102906e-06,8
186,2,5.999998122392627,8
68,1,-1.1915207163508293e-06,8
377,2,-0.68263729018681,8
464,3,0.9999988131636192,8
474,2,-3.5659552988096653e-06,8
468,4,1.3027472748355118,8
90,3,-1.024778624280691,8
370,2,0.9999973730686905,8
91,3,-1.8275444813504446e-06,8
190,2,-1.7512577944443118e-06,8
3,1,4.999997807319951,8
450,3,-2.11460821445491e-06,8
264,2,1.999998773154516,8
611,2,2.4336419656026154,8
458,3,1.9999987310361305,8
406,2,1.1079139054397134,8
93,3,0.9999987975988357,8
198,2,-0.90645869537113,8
440,2,11.999996935802344,8
472,1,-6.926992656970755e-07,8
562,4,-1.3830381552693981e-06,8
476,2,-2.164783621439,8
416,3,0.9999980953566293,8
408,2,1.999997179070623,8
388,3,0.9999977950239752,8
613,3,-8.486905053915162e-07,8
518,3,-1.7381289488771084e-06,8
346,2,0.9999983990030146,8
312,4,5.999998300196778,8
100,4,-1.5699703222957722e-06,8
187,2,-1.7374941920422212e-06,8
313,4,-0.7266532741863003,8
605,2,-1.2601893936432374e-06,8
445,2,0.9999984522567517,8
483,2,1.9999982882358767,8
392,3,-3.611899460113468e-06,8
40,2,1.9999972424061465,8
539,2,-0.45701235141226065,8
57,3,1.999998685527495,8
310,4,-2.282021127781937e-06,8
471,1,-0.8101403428983399,8
207,3,-2.006670653812666e-06,8
527,4,0.9999980971134611,8
197,2,5.2839321380685496,8
365,4,0.9999978802769155,8
391,3,0.9999980671749771,8
255,1,0.9999976324821044,8
10,2,5.999998090395363,8
599,4,-0.7339988266413107,8
4,1,-2.302151849252148e-06,8
557,3,-1.0465259331339993,8
47,3,8.151822219258701,8
360,3,-1.1698503340562547e-06,8
396,3,-0.8303343473197313,8
368,1,-1.4715508449681182e-06,8
62,3,0.9999992342802436,8
509,2,-1.3437887837373327e-06,8
574,2,3.9999980907679635,8
626,4,-9.364560266070417e-07,8
486,3,1.999997180294371,8
470,1,-1.6339498319506553e-06,8
597,4,-1.8881209338814824,8
12,2,-2.2752684487626222e-06,8
85,3,-0.5873645618976946,8
24,3,-1.7164829591505139e-06,8
212,3,-1.4256812684706924e-06,8
541,2,-2.663764602093911e-06,8
201,3,0.9999985660283368,8
82,3,-7.673387584985164e-06,8
481,2,0.9999982045463893,8
196,2,-2.4316404414570405e-06,8
588,3,0.9645739824461141,8
263,2,-0.7686337796295595,8
262,2,0.9999984351942856,8
414,3,-1.649568077538231e-06,8
487,3,0.9999981817784525,8
568,2,0.9999971476731314,8
180,4,-2.382681551372789e-06,8
63,3,-0.729113091433791,8
269,3,0.9999988480854337,8
384,3,-1.8810457516511285e-06,8
89,3,0.05141840346181359,8
378,2,-1.1197512567991642e-06,8
460,3,-1.6504425421424018e-06,8
260,2,-0.6331473900018108,8
248,3,-1.622778903276549e-06,8
97,4,-1.8466588766936551e-06,8
199,2,6.461756247865961,8
191,2,-1.6000340568845476e-06,8
489,3,-2.0974084467196358e-06,8
251,4,-3.1757977315918754e-06,8
491,3,-2.794035050505139e-06,8
206,3,-1.8885677825254074e-06,8
429,3,-0.8896850484067567,8
430,4,6.388909356086089,8
110,2,7.5641243722377745,8
524,3,5.150666817568993,8
19,3,2.999998016409295,8
439,2,-0.8400500971740074,8
96,3,-0.5235215861060923,8
295,2,0.9999970751389505,8
37,2,2.9999975213503838,8
556,3,-1.0834938591344366e-06,8
322,2,-1.2292645082444391e-06,8
473,2,-8.090233224159715e-07,8
271,3,-0.5871502016766998,8
208,3,-1.506921814346121e-06,8
185,1,0.9999978828400271,8
372,2,-2.7048863142868403e-06,8
521,3,-1.0889955266029381e-06,8
438,2,-1.1883817151181643e-06,8
511,2,-1.1638777388182129,8
455,3,1.9999977287364457,8
623,3,-1.1419003866946527e-06,8
216,4,-0.5713179599912876,8
591,3,-0.9101536040755223,8
258,2,1.9999972530231627,8
1,1,-2.63486371940738e-06,8
18,3,0.9999983306605237,8
573,2,-1.7966358019146391,8
382,3,-1.928699929998263e-06,8
454,3,0.9999988976409524,8
176,3,8.999999732688542,8
525,4,-2.866278985516144e-06,8
215,4,2.9999987401251524,8
356,3,-1.2813471396960898,8
625,4,-1.6580859830037993e-06,8
8,2,4.278430190760514,8
300,3,0.9999982247610563,8
432,1,-2.6131804498066082e-06,8
475,2,3.338621796561192,8
9,2,-0.6993445809964598,8
39,2,8.999998207080269,8
532,2,-1.583598470705043,8
449,3,-3.9506301543372934e-06,8
478,2,1.9999979590613202,8
189,2,2.999998391283879,8
204,3,0.9999995096326211,8
217,4,-1.9054761875417874,8
629,1,0.9999991108191237,8
98,4,-1.4830318723084077e-06,8
570,2,-1.9471579034167792e-06,8
589,3,0.9999985644306912,8
182,1,-1.9840495449138782,8
628,1,-6.40560066528224e-07,8
362,4,-2.235782978614907,8
610,2,5.999998458718393,8
22,3,-1.558146138872598e-06,8
480,2,0.9999977455450593,8
324,3,-4.315197255344346e-06,8
31,4,5.194231188752285,8
74,2,-3.2353267032935276e-06,8
79,2,-1.1765639601521e-06,8
462,3,-7.617062880480964e-07,8
20,3,-1.8500105857576508,8
385,3,0.999998201048886,8
608,2,-1.3128974080520376e-06,8
546,3,-9.692766092892064e-07,8
46,2,0.9999981312112939,8
351,3,-2.7434285247593506e-06,8
457,3,1.9999977353492073,8
469,1,1.9999981457399427,8
482,2,0.11345964195275904,8
427,3,8.959844745340817,8
77,2,-1.2563898643973148,8
28,3,5.098277627238671,8
38,2,-2.562260673399003e-06,8
193,2,-1.2784139713627114e-06,8
219,4,-7.669813217543093e-07,8
419,3,-2.2820109798296686,8
386,3,-1.3008382932926719,8
51,3,-1.6741086189488333e-06,8
580,3,0.9999983767646932,8
29,3,1.3908912503072215,8
522,3,-0.739401219194487,8
358,3,-0.3457926859814986,8
181,4,-1.0063830997183521e-06,8
466,4,-9.908113063570907e-07,8
627,1,-1.0604147007467887e-06,8
453,3,-1.0987894374443157,8
60,3,-0.5128483442378116,8
444,2,0.999997998874525,8
631,2,-1.558438751013921,8
53,3,0.9999955445554405,8
537,2,-1.3488320868902972e-07,8
407,2,-0.0075675276074125275,8
36,2,-1.4332318835467661,8
88,3,1.9999988328964589,8
412,2,-2.113065713544372e-06,8
448,2,1.9999990279205038,8
11,2,0.999998166503779,8
488,3,-1.9606623467619748,8
188,2,-1.0657234631792208e-06,8
55,3,-1.2056162725089716e-06,8
582,3,0.6707814026017649,8
375,2,-2.6147215283620764e-06,8
446,2,4.999999177907414,8
45,2,2.9999988624261555,8
261,2,4.9454906942007275,8
316,2,0.999998427959974,8
435,1,-9.890560425566476e-07,8
516,3,-4.4071598025947,8
75,2,0.9999988581972695,8
367,1,1.9999985369305948,8
401,1,-1.6124833900357106e-06,8
600,1,-1.4009906674534038e-06,8
61,3,-1.1110905013318542e-06,8
387,3,4.063165254046547,8
32,1,-1.7729207862374788e-06,8
178,4,-0.42080063667947215,8
624,4,0.9999978263949371,8
218,4,-1.2319259558062888e-06,8
400,1,-1.1095196168457475e-06,8
463,3,1.9999987808590018,8
105,1,-0.7160417060670281,8
56,3,-1.0233869247976016e-06,8
303,3,-0.6131899151195432,8
618,3,0.9999988641113199,8
30,4,0.9999989093462914,8
179,4,-9.935834711283727e-07,8
602,1,0.9999976413340548,8
535,2,0.9999988921339297,8
214,3,-1.2267315624274814e-06,8
349,2,-2.4428344549284523e-06,8
369,1,0.6144843966987639,8
49,3,-0.6606969944782963,8
380,2,-1.0571842350866416e-06,8
381,3,-2.2414273220914343e-06,8
552,3,-1.874561321239615e-06,8
607,2,-6.270734796780994e-07,8
200,3,0.9999957217725519,8
477,2,0.9999973927425898,8
576,2,1.999999476961814,8
259,2,5.877198715166651,8
389,3,-1.6061906758390168e-06,8
417,3,0.9999980149336009,8
211,3,9.999997560967696,8
513,2,0.34457021658665965,8
205,3,2.242895712015816,8
587,3,0.9999984764891745,8
374,2,1.999997998648462,8
16,3,5.999996691258425,8
545,3,0.9999989482938137,8
7,2,-2.9014467690978696e-06,8
503,1,1.9999969769224366,8
92,3,-1.3231534368171288e-06,8
23,3,-1.9853995702668196e-06,8
579,3,1.9999986051405387,8
268,3,1.9999984323318019,8
267,3,-1.195204553205243,8
425,3,1.9999987057705684,8
376,2,1.999998454294918,8
441,2,-1.9228222355593635e-06,8
436,2,0.9999965713220483,8
538,2,4.999999590120708,8
70,1,8.999999118050797,8
653,3,-6.049321794611598e-07,8
723,2,-5.630436137485945e-07,8
669,3,-1.1605328942313533e-06,8
621,3,-1.0157031342471316e-06,8
397,4,-1.2430641877032893e-06,8
714,4,0.9999976388665409,8
487,3,-1.8182215475920605e-06,8
105,1,1.283958293932972,8
607,2,-6.270734796780994e-07,8
655,4,-8.486881480686735e-08,8
354,3,-2.2659281159035396e-06,8
417,3,-1.9850663991861703e-06,8
574,2,0.9999980907679636,8
169,3,-1.62128268105075e-06,8
335,3,-2.2350269827638747e-06,8
300,3,-1.7752389436845876e-06,8
206,3,-1.8885677825254074e-06,8
491,3,-2.794035050505139e-06,8
700,3,0.9999982930607183,8
53,3,-4.455444559551165e-06,8
489,3,-2.0974084467196358e-06,8
371,2,-1.975385686455001e-06,8
378,2,0.9999988802487432,8
488,3,-0.9606623467619748,8
465,4,5.345400995509053,8
344,2,0.4611400799483184,8
178,4,-0.42080063667947215,8
117,2,-2.310668444522029e-06,8
725,2,-4.836907812702075e-07,8
23,3,-1.9853995702668196e-06,8
634,2,-1.4722182144848682e-06,8
13,2,1.158366158155272,8
191,2,-1.6000340568845476e-06,8
22,3,-1.558146138872598e-06,8
626,4,-9.364560266070417e-07,8
195,2,-1.6383662322181573e-06,8
38,2,-2.562260673399003e-06,8
46,2,-1.8687887061377353e-06,8
579,3,-1.3948594612816092e-06,8
690,3,0.9999986864469382,8
570,2,-1.9471579034167792e-06,8
76,2,0.9999991102702654,8
448,2,-9.720794961705741e-07,8
233,2,-4.34601664935336e-06,8
302,3,0.999997539758609,8
416,3,-1.9046433706931291e-06,8
86,3,0.6285567099136666,8
97,4,-1.8466588766936551e-06,8
341,1,-9.757771985679419e-07,8
615,3,-1.398970458635318e-06,8
539,2,0.5429876485877394,8
617,3,0.6708205235403266,8
605,2,0.9999987398106064,8
545,3,0.9999989482938137,8
37,2,-2.4786496161213094e-06,8
495,3,0.9999985355766262,8
532,2,1.416401529294957,8
303,3,0.38681008488045676,8
181,4,-1.0063830997183521e-06,8
144,2,-1.391496653751146e-06,8
164,3,-1.2454120265122395e-06,8
702,3,-6.54517296275679e-07,8
368,1,0.999998528449155,8
254,1,-1.7160529514955493e-06,8
288,1,0.9999989566026583,8
192,2,-2.0260992438620918e-06,8
224,2,-3.0631647417153147e-06,8
29,3,8.390891250307222,8
393,3,0.9999985317213286,8
48,3,0.5006332406915446,8
705,2,0.9999989119104493,8
15,2,0.9999973838803371,8
420,3,-2.516607103350972e-06,8
34,1,0.9999979132008024,8
703,1,1.9999987534921118,8
449,3,-3.9506301543372934e-06,8
237,3,-3.741470830839077e-06,8
398,4,-1.4407988797217495e-06,8
565,1,-1.0884009767128335,8
155,2,-7.590674792294244e-07,8
265,2,6.3149492177824555,8
90,3,-0.02477862428069111,8
450,3,-2.11460821445491e-06,8
235,3,-3.4277797187457735e-06,8
680,4,-7.404348409232597e-07,8
514,2,-2.4809080252454185e-06,8
72,2,-1.5495878049032547e-06,8
57,3,-1.3144725050746513e-06,8
499,4,-2.443753185305051e-06,8
613,3,-8.486905053915162e-07,8
724,2,-1.649905020726099e-06,8
601,1,-7.906362084624088e-07,8
205,3,0.24289571201581595,8
24,3,-1.7164829591505139e-06,8
281,3,1.110118501936554,8
353,3,1.0037033489639726,8
379,2,0.9999988490840013,8
552,3,0.9999981254386787,8
521,3,-1.0889955266029381e-06,8
241,3,-3.255854650744326e-06,8
490,3,-1.8571789650239607e-06,8
60,3,4.487151655762188,8
5,2,5.933233431830583,8
25,3,0.9999984813903539,8
282,3,0.9999985009204578,8
583,3,-1.8128229663316667e-06,8
11,2,-1.8334962209392324e-06,8
375,2,-2.6147215283620764e-06,8
218,4,-1.2319259558062888e-06,8
541,2,-2.663764602093911e-06,8
660,3,4.140548520033685,8
110,2,-0.43587562776222577,8
421,3,-0.2603715784038174,8
582,3,0.6707814026017649,8
535,2,-1.1078660703118421e-06,8
400,1,-1.1095196168457475e-06,8
438,2,-1.1883817151181643e-06,8
21,3,-3.600770280785371e-06,8
171,3,-1.1737056460361249e-07,8
143,2,1.7471214986801518,8
190,2,-1.7512577944443118e-06,8
78,2,0.9999985640055093,8
483,2,-1.7117641233617742e-06,8
122,3,5.408021646112387,8
180,4,-2.382681551372789e-06,8
696,4,5.712484827277608,8
366,1,-2.898847822449063e-06,8
668,3,-2.107819980388638,8
442,2,-2.501641608797372e-06,8
113,2,4.172080477957055,8
423,3,0.9999973697176634,8
614,3,1.4475039852946818,8
232,2,-0.5933435571007397,8
79,2,-1.1765639601521e-06,8
175,3,-9.321858088870224e-07,8
445,2,-1.5477432483079145e-06,8
20,3,5.1499894142423495,8
174,3,-7.400240148450863e-07,8
252,4,-4.919846409077289e-06,8
182,1,-0.9840495449138782,8
244,3,-1.487713600615774e-06,8
519,3,5.5796234412659915,8
118,2,-1.2253538838681944e-06,8
332,3,-1.7432008017431176e-06,8
176,3,-2.67311458093202e-07,8
43,2,1.4744321990002873,8
101,1,-2.3453842888705383e-06,8
409,2,-2.926661490477123e-06,8
629,1,-8.89180876257237e-07,8
292,2,-1.722591038809658e-06,8
267,3,3.804795446794757,8
682,2,-1.4189213667823627e-06,8
198,2,0.09354130462887,8
280,3,0.2714397178187845,8
494,3,-2.815777019951746e-06,8
467,4,-1.1877252017622944e-06,8
404,2,-1.2397034723838131e-06,8
133,3,-6.09529161271679e-07,8
480,2,-2.2544549407077585e-06,8
98,4,-1.4830318723084077e-06,8
577,2,-7.927843150740382e-07,8
474,2,0.9999964340447012,8
516,3,1.5928401974053004,8
298,2,-7.597338061604051e-07,8
80,2,-2.552648149888444e-06,8
536,2,-1.3488320868902972e-07,8
506,2,4.864477783788111,8
159,3,-4.447146142797313e-07,8
197,2,1.2839321380685496,8
460,3,-1.6504425421424018e-06,8
534,2,-3.672100326380695e-07,8
314,1,0.019115582332216885,8
103,1,-1.6669638961148757e-06,8
627,1,-1.0604147007467887e-06,8
531,2,-1.7515089376573812e-06,8
619,3,-1.1814056311593432e-06,8
432,1,-2.6131804498066082e-06,8
422,3,-2.73795437401251e-06,8
388,3,-2.204976024821109e-06,8
246,3,0.8538377970798146,8
351,3,-2.7434285247593506e-06,8
100,4,-1.5699703222957722e-06,8
330,3,-1.243296410848786e-06,8
135,4,1.064402230861428,8
544,3,-0.25106066115535874,8
461,3,-9.618557517813031e-07,8
486,3,-2.8197056289233273e-06,8
337,4,-1.4030424261703575e-06,8
348,2,-2.548936086941608e-06,8
510,2,-1.7825506844342409e-06,8
258,2,-2.746976837284176e-06,8
221,1,2.190465144211835,8
538,2,-4.0987929229510044e-07,8
306,3,-2.6370886392999146e-06,8
309,3,2.7727654421922794,8
320,2,-1.589270627446556e-06,8
209,3,1.0030554124501527,8
91,3,-1.8275444813504446e-06,8
64,4,0.9999975787719031,8
134,3,1.2870383394496328,8
50,3,-0.17836426447148468,8
505,2,-1.871399852119153e-06,8
239,3,1.7376800921972548,8
119,3,3.8732964623010537,8
578,2,-8.533513778434267e-07,8
713,2,1.9678777619190626,8
394,3,-1.7980848208188388e-06,8
69,1,-1.1232006493762944e-06,8
561,4,-8.257075676626582e-07,8
147,2,-4.0172819460830423e-07,8
363,4,-1.9019250936654789e-06,8
278,3,-1.1296061857264456e-06,8
115,2,-1.3762956175015082e-06,8
457,3,-2.264650792742249e-06,8
581,3,-1.0441923437660542e-06,8
405,2,-2.027524155313028e-06,8
271,3,0.41284979832330015,8
17,3,-3.2695176455077613e-06,8
286,4,-1.870501481227268e-06,8
290,2,0.4056923746839236,8
184,1,-2.3187427731740563e-06,8
131,3,-8.323062695208791e-07,8
698,3,-2.1808161013440536e-06,8
328,3,0.18034508192357457,8
295,2,0.9999970751389505,8
576,2,-5.230381860823977e-07,8
12,2,5.999997724731551,8
183,1,-6.952501544235917e-07,8
44,2,-2.40822840064275e-06,8
345,2,-1.7861834894801892e-06,8
523,3,0.23888963064019908,8
722,3,-8.894030825700634e-07,8
214,3,-1.2267315624274814e-06,8
589,3,-1.4355693087997335e-06,8
639,2,14.30918617166049,8
662,2,-1.3155895503249807e-06,8
399,1,-2.682759097964635e-06,8
720,4,-1.676435527380583e-06,8
391,3,-1.9328250229083042e-06,8
456,3,-4.777343582794211e-07,8
108,2,0.6781537097973762,8
16,3,-3.3087415747809165e-06,8
304,3,0.6666578504895053,8
721,2,-9.505950729229293e-07,8
618,3,-1.1358886801020887e-06,8
58,3,0.9999961767172698,8
446,2,-8.220925863702699e-07,8
89,3,0.05141840346181359,8
646,3,-1.1531739297866827e-06,8
127,3,-1.1383130611114412e-06,8
385,3,-1.798951114010493e-06,8
177,3,-1.817631776207388e-06,8
83,3,-0.5291708593143685,8
30,4,-1.0906537085208948e-06,8
596,4,-0.5188862997362566,8
407,2,-0.0075675276074125275,8
525,4,0.9999971337210145,8
434,1,-1.166337112685467e-06,8
650,3,-3.2835221559433484e-07,8
336,3,-6.812968563078433e-07,8
663,3,0.3428459128543839,8
408,2,-2.8209293769267097e-06,8
701,2,0.9999991191191138,8
220,1,4.1680169362152855,8
716,2,-1.0800915941288215e-07,8
319,2,-1.9047926116010153e-06,8
325,3,-2.6831327553792866e-06,8
567,1,3.943136297485731,8
625,4,-1.6580859830037993e-06,8
640,2,-1.4508359716349544e-06,8
42,2,1.4603345379334693,8
199,2,-0.5382437521340389,8
428,3,0.9999985467728346,8
253,1,-1.394812447541771e-06,8
361,3,-1.813211603484802e-06,8
230,2,5.4923607926550595,8
35,1,-1.374052778141514e-06,8
32,1,-1.7729207862374788e-06,8
687,3,-5.981668952090993e-07,8
518,3,-1.7381289488771084e-06,8
52,3,1.1817693252481023,8
96,3,-0.5235215861060923,8
26,3,0.9999970365419726,8
372,2,0.9999972951136857,8
194,2,-1.616874681239511e-06,8
550,3,-3.582135472834917e-07,8
533,2,-9.701826685498928e-07,8
633,2,-1.996709994561282e-06,8
707,3,-1.1149807545703145e-06,8
357,3,-1.7085673958589624e-06,8
673,3,-1.8711714892787621e-06,8
430,4,5.388909356086089,8
509,2,0.9999986562112163,8
691,4,0.9999975983380242,8
324,3,-4.315197255344346e-06,8
476,2,1.8352163785609998,8
148,2,-2.6664413645389824e-06,8
424,3,0.029461598419630253,8
6,2,3.9999964773795083,8
61,3,-1.1110905013318542e-06,8
528,1,4.171571740643069,8
396,3,1.1696656526802687,8
458,3,-1.268963869444961e-06,8
132,3,0.9999987706147485,8
141,1,-1.5342047034949295e-06,8
493,3,-2.0000010653306877,8
559,3,1.0887947714622048,8
249,4,6.412984860591675,8
352,3,0.35293148285035436,8
313,4,0.2733467258136997,8
439,2,5.159949902825993,8
689,3,6.999998872849187,8
392,3,13.99999638810054,8
711,3,-6.030154793211363e-07,8
358,3,4.654207314018501,8
382,3,0.99999807130007,8
715,1,-1.6758380905927255e-06,8
251,4,-3.1757977315918754e-06,8
624,4,-2.173605062992803e-06,8
359,3,-2.0296558558181837e-06,8
571,2,-1.589611399922804e-06,8
27,3,0.5094312529281697,8
412,2,-2.113065713544372e-06,8
443,2,-2.6096201634458844e-06,8
222,1,5.264839115498926,8
310,4,-2.282021127781937e-06,8
684,2,-1.5985893749473767e-06,8
553,3,-1.020046071276678e-06,8
327,3,-1.4179586298612027e-06,8
642,3,0.07847697298981737,8
10,2,-1.9096046368119905e-06,8
70,1,-8.819492041265725e-07,8
260,2,5.3668526099981895,8
648,3,-1.688657923434998e-06,8
497,3,0.9999980925035886,8
151,2,-0.23535186064727975,8
402,2,-0.11548404801050416,8
179,4,-9.935834711283727e-07,8
102,1,-1.519862671475702e-06,8
726,4,-5.286565792994769e-07,8
641,2,0.9999987499592252,8
187,2,-1.7374941920422212e-06,8
88,3,-1.1671035412519568e-06,8
520,3,5.913052447506915,8
413,3,-3.7840277625349473e-06,8
706,2,1.9999985936665918,8
419,3,-1.2820109798296686,8
307,3,0.46661246422317193,8
503,1,-3.0230775633815747e-06,8
240,3,0.9999991495420724,8
256,2,0.5254644796722754,8
297,2,-1.8354670461555184e-06,8
211,3,5.999997560967697,8
543,3,-1.407872599146166e-06,8
138,1,-7.756030491304998e-07,8
548,3,-1.1330580471823763e-06,8
524,3,0.15066681756899336,8
291,2,-0.2502828624845548,8
513,2,2.3445702165866598,8
331,3,-1.6259463171585397e-06,8
598,4,0.9999989142099471,8
554,3,-8.420794141814405e-07,8
264,2,-1.226845484196543e-06,8
560,4,-1.243718213473029e-06,8
437,2,-1.1059830934959647e-06,8
114,2,0.5248553571946732,8
610,2,0.999998458718393,8
664,1,1.2211118917122161,8
311,4,-2.609035605060559e-06,8
128,3,-1.9024152836088306e-06,8
609,2,0.9999985909979979,8
708,3,0.9999980281434572,8
709,2,0.614703996692229,8
484,2,-1.737591276860076e-06,8
243,3,-1.0864205402836087e-06,8
649,3,-1.0083799836980209e-06,8
383,3,-2.0567365918907212e-06,8
47,3,-0.8481777807412982,8
186,2,-1.8776073726744276e-06,8
580,3,-1.6232353068697016e-06,8
152,2,-0.4069164926616513,8
586,3,0.9999982015080722,8
56,3,-1.0233869247976016e-06,8
275,3,1.0975080162077668,8
99,4,-2.5527334067287664e-06,8
440,2,-3.064197656634419e-06,8
671,4,-9.452770712700718e-07,8
31,4,6.194231188752285,8
272,3,-2.3094889821161796e-06,8
433,1,0.999998087262351,8
426,3,-1.4142941180978761e-06,8
694,2,-2.815139374600415e-06,8
594,3,-1.2076764724398482e-06,8
123,3,-2.2685097791445114e-06,8
170,3,-1.5215378096845964e-06,8
665,1,-1.2418170782394423e-06,8
39,2,-1.7929197315336417e-06,8
373,2,0.6516922241229226,8
87,3,-2.027297283403107e-06,8
146,2,-2.6990238626828007e-06,8
602,1,-2.3586659452066087e-06,8
464,3,-1.1868363808718697e-06,8
318,2,0.6698774669791492,8
657,4,2.1780406759422375,8
699,3,-1.2162941682971691e-06,8
8,2,-0.7215698092394858,8
674,1,-1.3996066055528762e-06,8
173,3,-1.3983125733941085e-06,8
496,3,-1.6602672698523332e-06,8
242,3,-2.2838115604627384e-06,8
603,2,-1.6392320741225822e-06,8
356,3,0.7186528603039102,8
588,3,3.9645739824461144,8
530,1,-6.746324219348876e-07,8
508,2,-2.6598383786602093e-06,8
447,2,0.6285800261025285,8
395,3,-2.1369886618634653e-06,8
606,2,0.06822969214390961,8
374,2,-2.0013515381011575e-06,8
502,1,-1.6196911489527295e-06,8
427,3,-0.04015525465918257,8
453,3,1.9012105625556843,8
381,3,-2.2414273220914343e-06,8
284,4,-2.116240543383429e-06,8
92,3,-1.3231534368171288e-06,8
136,4,-2.138748009853193e-06,8
623,3,-1.1419003866946527e-06,8
597,4,0.11187906611851761,8
343,2,0.0987608535962552,8
527,4,-1.9028865388408537e-06,8
274,3,-9.62043369295161e-07,8
301,3,-2.172992236623041e-06,8
269,3,-1.1519145663058213e-06,8
75,2,-1.1418027304241748e-06,8
125,3,-9.719869556001302e-07,8
158,3,-1.0078456108509248e-06,8
481,2,-1.795453610674812e-06,8
279,3,0.9999983807089432,8
172,3,-7.647394029741341e-07,8
165,3,0.29517262344601347,8
116,2,1.6079121182859721,8
4,1,-2.302151849252148e-06,8
223,1,-1.1424188391578002e-06,8
555,3,-1.1586697792805549e-06,8
632,2,-8.804364569855815e-07,8
305,3,1.235708770577236,8
512,2,-3.7966830443866815e-06,8
551,3,0.31644261924464334,8
573,2,0.20336419808536088,8
522,3,0.260598780805513,8
377,2,1.3173627098131901,8
261,2,0.9454906942007275,8
289,1,-1.273680860723075e-06,8
645,3,0.9999980733486474,8
19,3,-1.983590704921261e-06,8
109,2,-1.9481491418532856e-06,8
469,1,-1.8542600572782232e-06,8
41,2,0.5280877406202662,8
66,1,1.257758955920107,8
547,3,-1.0746540716394624e-06,8
203,3,-1.581791873036853e-06,8
316,2,-1.5720400260212845e-06,8
248,3,-1.622778903276549e-06,8
208,3,-1.506921814346121e-06,8
595,3,0.2594318125285713,8
317,2,0.9999968274612855,8
45,2,-1.1375738443577987e-06,8
229,2,2.360739793273343,8
415,3,10.845911711086897,8
658,4,-1.8965103799214095e-06,8
451,3,0.9999985290434078,8
2,1,-2.0170912177908077e-06,8
188,2,-1.0657234631792208e-06,8
418,3,-3.1407525208961534e-06,8
666,4,-1.7904721196969936e-06,8
656,4,-1.1631427797343136e-06,8
112,2,0.11676878595371842,8
651,3,-3.124075999642413e-07,8
470,1,-1.6339498319506553e-06,8
672,2,0.9999984233547021,8
111,2,0.9999985207722816,8
219,4,-7.669813217543093e-07,8
63,3,1.270886908566209,8
215,4,-1.259874847723038e-06,8
228,2,3.4960467309527505,8
247,3,-6.767291193199753e-07,8
294,2,-1.6178559812320765e-06,8
652,3,-1.0148160730500145e-06,8
360,3,0.999998830149666,8
355,3,0.8139862096200807,8
163,3,-4.927063795171051e-07,8
390,3,0.9999978258322246,8
154,2,0.9999985315996108,8
287,1,-0.202479023993694,8
604,2,-1.1038840442168894e-06,8
365,4,-2.1197230845155124e-06,8
386,3,0.6991617067073281,8
349,2,-2.4428344549284523e-06,8
636,2,-1.57750106346772e-06,8
659,2,-2.356592769824335e-06,8
124,3,-1.9604702246505854e-06,8
635,2,-1.8253530465901468e-06,8
667,2,-5.019562110254483e-07,8
329,3,-1.7364216724412926e-06,8
462,3,-7.617062880480964e-07,8
104,1,-0.8922061845514538,8
94,3,-1.4102417348495337e-06,8
140,1,6.079190805154479,8
200,3,-4.27822744809099e-06,8
540,2,2.463810201936694,8
137,4,-9.133662095174649e-07,8
81,3,0.9999978315332917,8
638,2,1.0840488033437758,8
628,1,-6.40560066528224e-07,8
475,2,0.33862179656119196,8
296,2,-8.025484697473325e-07,8
654,4,-1.7560450298139832e-06,8
485,3,-0.4245805191020824,8
106,2,7.913460724083091,8
323,2,-2.2941726143613285e-06,8
201,3,-1.433971663152906e-06,8
68,1,-1.1915207163508293e-06,8
563,4,1.371283694711818,8
342,2,-0.13090786343888006,8
204,3,-4.903673789538178e-07,8
677,3,-1.7113144401876253e-06,8
403,2,0.37306847203680626,8
686,3,-1.642356159990127e-06,8
210,3,0.9999973733807221,8
67,1,-2.3740194303263423e-06,8
501,4,2.0188177871482544,8
568,2,-2.8523268685940173e-06,8
202,3,3.6357931872220934,8
226,2,-1.3012701582599482e-06,8
463,3,-1.2191409981752746e-06,8
537,2,-1.3488320868902972e-07,8
719,2,-1.4663928215463299e-06,8
157,3,-1.0000006829275356,8
466,4,-9.908113063570907e-07,8
130,3,-1.168066026461008e-06,8
692,2,-1.021909298272147e-06,8
77,2,-0.2563898643973148,8
678,2,-0.007831611573220654,8
452,3,-3.0240009890089483e-06,8
283,4,-0.9467800204537794,8
558,3,-1.2589393194424476e-06,8
339,1,-6.742585647116017e-07,8
557,3,8.953474066866,8
591,3,9.089846395924479,8
477,2,0.9999973927425898,8
575,2,0.1871658024513061,8
263,2,8.23136622037044,8
620,3,-9.15101989704767e-07,8
587,3,-1.5235108255282346e-06,8
406,2,0.10791390543971346,8
410,2,-1.6953481325175903e-06,8
273,3,-1.6024246493996158e-06,8
387,3,5.063165254046547,8
590,3,1.258772767505949,8
549,3,-6.08633902906175e-07,8
556,3,-1.0834938591344366e-06,8
608,2,0.999998687102592,8
454,3,-1.1023590475532517e-06,8
599,4,1.2660011733586893,8
321,2,1.0441906098233686,8
346,2,-1.6009969854723204e-06,8
584,3,8.531634982610965,8
697,3,-1.4938249043828037e-06,8
3,1,-2.192680049284945e-06,8
245,3,5.262810226060962,8
14,2,2.244912112992006,8
566,1,0.9999974444290327,8
683,2,-6.388822805141989e-07,8
564,4,-9.352724613742426e-07,8
350,3,0.14710901642571472,8
333,3,-1.5168738423669546e-06,8
517,3,-1.698471263320666e-06,8
693,3,1.9999978374250207,8
33,1,1.256173757818749,8
49,3,2.3393030055217037,8
270,3,8.141871727399076,8
542,2,6.402481677585268,8
630,1,0.999998698994582,8
679,1,0.9999991980747782,8
616,3,1.307382158692961,8
362,4,9.764217021385093,8
507,2,-2.456488286234505e-06,8
472,1,-6.926992656970755e-07,8
376,2,0.9999984542949181,8
384,3,-1.8810457516511285e-06,8
312,4,-1.6998032214847997e-06,8
471,1,0.18985965710166008,8
643,3,0.9999980334509782,8
637,2,-1.080510802760107e-06,8
511,2,6.836122261181787,8
546,3,-9.692766092892064e-07,8
185,1,-2.1171599729309446e-06,8
150,2,0.9999984361268753,8
592,3,-5.210038647372137e-07,8
196,2,-2.4316404414570405e-06,8
326,3,-1.0865698082366921,8
710,2,-5.609582997354574e-07,8
479,2,-1.326879571328507e-06,8
234,2,5.24091708012536,8
504,1,5.65246781824403,8
340,1,0.9999988530992252,8
308,3,14.007719675640901,8
500,4,-1.0324979071631608e-06,8
120,3,-2.057454174891571e-06,8
367,1,-1.463069405230728e-06,8
82,3,-7.673387584985164e-06,8
695,2,-1.1926612671179972e-06,8
213,3,-1.924060741264175e-06,8
153,2,-6.413470903200972e-07,8
293,2,3.306562500859471,8
611,2,1.4336419656026151,8
156,2,-1.3468226404091024e-06,8
1,1,-2.63486371940738e-06,8
51,3,-1.6741086189488333e-06,8
712,3,0.9964719039105305,8
529,1,-1.3755709051231804e-06,8
478,2,-2.040938679909176e-06,8
161,3,1.5413484270926745,8
498,3,-7.910697137704809e-07,8
231,2,-5.227868474915035e-07,8
322,2,-1.2292645082444391e-06,8
129,3,6.1966497882029845,8
189,2,-1.6087161212520002e-06,8
441,2,-1.9228222355593635e-06,8
167,3,-8.546716589457767e-07,8
370,2,-2.6269313095025575e-06,8
569,2,1.3756843394766387,8
266,3,-2.6042788878333537e-06,8
276,3,-2.0120681063649144e-06,8
74,2,-3.2353267032935276e-06,8
55,3,-1.2056162725089716e-06,8
429,3,1.1103149515932433,8
704,3,-6.928160564655437e-07,8
107,2,-2.407725995624899e-06,8
259,2,1.877198715166651,8
126,3,0.11052672726372814,8
9,2,1.3006554190035402,8
285,4,-9.057016909598499e-07,8
162,3,-1.3855906295686426e-06,8
661,4,12.382914185212503,8
338,4,-2.2086936485933025e-06,8
688,1,0.849846490721788,8
84,3,-0.5792907719648452,8
166,3,-1.3802180087199795e-06,8
207,3,-2.006670653812666e-06,8
250,4,6.736654070292952,8
217,4,-0.9054761875417874,8
7,2,-2.9014467690978696e-06,8
401,1,-1.6124833900357106e-06,8
149,2,-1.0518518081716556e-06,8
380,2,-1.0571842350866416e-06,8
59,3,-1.7079451622332237e-06,8
262,2,0.9999984351942856,8
212,3,-1.4256812684706924e-06,8
436,2,0.9999965713220483,8
268,3,3.9999984323318016,8
435,1,-9.890560425566476e-07,8
718,3,-1.5404115632709491e-06,8
444,2,-2.0011254750098497e-06,8
18,3,-1.6693394763310972e-06,8
347,2,-1.5716217236967696e-06,8
593,3,-1.786602914329485e-06,8
585,3,-2.0109091407924775e-06,8
160,3,-1.3222149095951654e-06,8
482,2,-0.886540358047241,8
676,3,-3.1087671830651943e-06,8
681,4,-2.3546086040942796e-06,8
225,2,0.12249724441736576,8
73,2,-1.7086269737825106e-06,8
622,3,-4.2564541937909956e-07,8
425,3,-1.294229431590777e-06,8
168,3,4.047035339934449,8
675,1,0.9999987741136541,8
142,1,-8.043694265572722e-07,8
600,1,-1.4009906674534038e-06,8
121,3,-2.181519373000455e-06,8
236,3,-3.4322918205343394e-06,8
515,3,0.9999981928368331,8
40,2,-2.7575938534227462e-06,8
455,3,-2.2712635542644855e-06,8
257,2,-2.0305116313572453e-06,8
562,4,0.9999986169618448,8
526,4,1.0332381048868715,8
28,3,5.098277627238671,8
216,4,15.428682040008713,8
431,1,-2.617462696649496e-06,8
315,1,0.9999986223867997,8
95,3,-1.565819185811614e-06,8
65,4,0.9999988411382488,8
145,2,0.1298953805338987,8
71,2,-1.3037181665228541e-06,8
193,2,0.9999987215860286,8
85,3,-0.5873645618976946,8
468,4,1.3027472748355118,8
644,3,-1.4419779155802904e-06,8
54,3,-4.532767117641409e-06,8
670,1,-2.728672675730436e-06,8
364,4,-1.154356865238896e-06,8
492,3,-2.8143321735334593e-06,8
36,2,0.5667681164532339,8
255,1,-2.3675178955860045e-06,8
334,3,-1.4705842484972928e-06,8
62,3,-7.657197564028171e-07,8
139,1,-1.4232585881246317e-06,8
647,3,-7.674748828545378e-07,8
473,2,-8.090233224159715e-07,8
414,3,-1.649568077538231e-06,8
411,2,-1.80095236429939e-06,8
717,3,-1.8151788083869132e-06,8
572,2,0.24927177594894334,8
277,3,-1.7634933220411904e-06,8
389,3,-1.6061906758390168e-06,8
238,3,0.9999952902579914,8
299,3,-2.571146858829905e-06,8
685,2,-1.9068556615929477e-06,8
369,1,0.6144843966987639,8
631,2,0.44156124898607896,8
227,2,-2.3571220023601323e-07,8
459,3,-1.8489039797178116e-06,8
93,3,-1.2024011642540539e-06,8
77,2,1.7436101356026852,8
427,3,-1.0401552546591826,8
22,3,-1.558146138872598e-06,8
197,2,-0.7160678619314504,8
584,3,-1.4683650173890348,8
52,3,1.1817693252481023,8
215,4,-1.259874847723038e-06,8
609,2,-1.4090020020801543e-06,8
550,3,-3.582135472834917e-07,8
610,2,-1.5412816070143183e-06,8
109,2,-1.9481491418532856e-06,8
75,2,-1.1418027304241748e-06,8
553,3,0.9999989799539287,8
182,1,0.015950455086121806,8
136,4,0.9999978612519902,8
285,4,-9.057016909598499e-07,8
447,2,4.6285800261025285,8
448,2,-9.720794961705741e-07,8
214,3,0.9999987732684376,8
70,1,6.999999118050796,8
133,3,-6.09529161271679e-07,8
142,1,-8.043694265572722e-07,8
568,2,2.9999971476731315,8
615,3,-1.398970458635318e-06,8
442,2,-2.501641608797372e-06,8
373,2,-1.3483077758770774,8
479,2,-1.326879571328507e-06,8
288,1,-1.0433973417617685e-06,8
522,3,-0.739401219194487,8
156,2,-1.3468226404091024e-06,8
147,2,-4.0172819460830423e-07,8
20,3,0.14998941424234924,8
259,2,-0.12280128483334907,8
299,3,-2.571146858829905e-06,8
324,3,12.999995684802744,8
264,2,1.999998773154516,8
634,2,-1.4722182144848682e-06,8
97,4,-1.8466588766936551e-06,8
524,3,-0.8493331824310066,8
143,2,-0.25287850131984824,8
390,3,-2.174167775394142e-06,8
269,3,-1.1519145663058213e-06,8
571,2,0.9999984103886,8
520,3,-1.0869475524930856,8
217,4,1.0945238124582126,8
664,1,-0.7788881082877839,8
554,3,1.9999991579205858,8
401,1,1.9999983875166099,8
482,2,9.113459641952758,8
169,3,-1.62128268105075e-06,8
76,2,-8.897297345885036e-07,8
548,3,0.9999988669419528,8
595,3,-0.7405681874714287,8
360,3,-1.1698503340562547e-06,8
183,1,-6.952501544235917e-07,8
645,3,-1.926651352576339e-06,8
542,2,-0.5975183224147318,8
192,2,5.999997973900756,8
79,2,8.999998823436039,8
166,3,-1.3802180087199795e-06,8
43,2,-0.5255678009997127,8
353,3,-0.9962966510360274,8
515,3,-1.8071631668632945e-06,8
206,3,0.9999981114322175,8
307,3,-0.5333875357768281,8
305,3,-0.7642912294227641,8
366,1,4.999997101152178,8
81,3,0.9999978315332917,8
574,2,-1.9092320363141777e-06,8
124,3,-1.9604702246505854e-06,8
375,2,7.999997385278472,8
421,3,-1.2603715784038174,8
587,3,0.9999984764891745,8
213,3,-1.924060741264175e-06,8
501,4,0.01881778714825466,8
530,1,0.9999993253675781,8
461,3,-9.618557517813031e-07,8
513,2,-1.6554297834133402,8
380,2,1.999998942815765,8
497,3,0.9999980925035886,8
350,3,8.147109016425715,8
266,3,0.9999973957211121,8
191,2,-2.000001600034057,8
157,3,4.999999317072464,8
368,1,1.999998528449155,8
627,1,-1.0604147007467887e-06,8
38,2,0.9999974377393266,8
402,2,0.8845159519894958,8
410,2,0.9999983046518675,8
33,1,-0.7438262421812508,8
159,3,1.9999995552853858,8
467,4,2.9999988122747983,8
231,2,6.999999477213152,8
63,3,5.270886908566209,8
545,3,-1.0517061862190118e-06,8
152,2,4.593083507338349,8
102,1,-1.519862671475702e-06,8
237,3,-3.741470830839077e-06,8
433,1,-1.9127376490938995e-06,8
177,3,1.9999981823682238,8
559,3,2.088794771462205,8
544,3,-0.25106066115535874,8
374,2,-2.0013515381011575e-06,8
481,2,-1.795453610674812e-06,8
188,2,-1.0657234631792208e-06,8
123,3,0.9999977314902209,8
370,2,1.9999973730686904,8
523,3,-0.7611103693598009,8
535,2,0.9999988921339297,8
253,1,-1.394812447541771e-06,8
153,2,0.9999993586529097,8
486,3,-2.8197056289233273e-06,8
472,1,-6.926992656970755e-07,8
354,3,1.9999977340718842,8
431,1,1.9999973825373034,8
318,2,-1.3301225330208508,8
348,2,3.999997451063913,8
382,3,-1.928699929998263e-06,8
9,2,0.3006554190035402,8
600,1,1.9999985990093325,8
633,2,1.9999980032900055,8
117,2,5.999997689331556,8
325,3,1.9999973168672447,8
139,1,-1.4232585881246317e-06,8
56,3,-1.0233869247976016e-06,8
118,2,-1.2253538838681944e-06,8
487,3,-1.8182215475920605e-06,8
4,1,1.9999976978481508,8
344,2,-0.5388599200516816,8
87,3,-2.027297283403107e-06,8
150,2,-1.5638731246338905e-06,8
92,3,-1.3231534368171288e-06,8
465,4,-0.6545990044909471,8
110,2,-0.43587562776222577,8
294,2,-1.6178559812320765e-06,8
293,2,1.3065625008594706,8
202,3,-1.3642068127779066,8
585,3,0.9999979890908592,8
514,2,1.9999975190919748,8
138,1,-7.756030491304998e-07,8
579,3,-1.3948594612816092e-06,8
90,3,-1.024778624280691,8
386,3,-0.30083829329267187,8
204,3,-4.903673789538178e-07,8
371,2,0.9999980246143135,8
328,3,10.180345081923575,8
636,2,-1.57750106346772e-06,8
244,3,-1.487713600615774e-06,8
131,3,-8.323062695208791e-07,8
422,3,5.999997262045626,8
424,3,0.029461598419630253,8
23,3,2.99999801460043,8
270,3,-0.8581282726009238,8
626,4,-9.364560266070417e-07,8
510,2,-1.7825506844342409e-06,8
221,1,-0.8095348557881649,8
415,3,-0.15408828891310256,8
180,4,5.999997617318448,8
419,3,-2.2820109798296686,8
306,3,5.999997362911361,8
391,3,0.9999980671749771,8
223,1,-1.1424188391578002e-06,8
83,3,1.4708291406856315,8
37,2,-2.4786496161213094e-06,8
55,3,-1.2056162725089716e-06,8
173,3,-1.3983125733941085e-06,8
562,4,-1.3830381552693981e-06,8
605,2,-1.2601893936432374e-06,8
254,1,-1.7160529514955493e-06,8
588,3,0.9645739824461141,8
606,2,-0.9317703078560904,8
115,2,2.9999986237043825,8
68,1,-1.1915207163508293e-06,8
164,3,-1.2454120265122395e-06,8
397,4,-2.0000012430641876,8
151,2,-1.2353518606472798,8
234,2,-0.75908291987464,8
51,3,-1.6741086189488333e-06,8
95,3,-1.565819185811614e-06,8
146,2,9.999997300976137,8
74,2,2.9999967646732966,8
430,4,-0.611090643913911,8
111,2,0.9999985207722816,8
352,3,-0.6470685171496456,8
608,2,0.999998687102592,8
470,1,0.999998366050168,8
315,1,-1.3776132002814392e-06,8
21,3,-3.600770280785371e-06,8
651,3,0.9999996875924,8
316,2,0.999998427959974,8
426,3,-1.4142941180978761e-06,8
474,2,4.999996434044701,8
388,3,-2.204976024821109e-06,8
290,2,0.4056923746839236,8
652,3,0.9999989851839269,8
262,2,-1.5648057144297498e-06,8
356,3,-0.2813471396960898,8
582,3,-1.3292185973982351,8
140,1,-0.9208091948455213,8
653,3,0.9999993950678205,8
50,3,-1.1783642644714847,8
256,2,-1.4745355203277246,8
573,2,4.203364198085361,8
338,4,0.9999977913063514,8
250,4,-1.263345929707048,8
176,3,-2.67311458093202e-07,8
219,4,-7.669813217543093e-07,8
628,1,5.999999359439934,8
149,2,0.9999989481481918,8
363,4,-1.9019250936654789e-06,8
458,3,-1.268963869444961e-06,8
459,3,-1.8489039797178116e-06,8
185,1,1.999997882840027,8
496,3,-1.6602672698523332e-06,8
624,4,-2.173605062992803e-06,8
583,3,-1.8128229663316667e-06,8
302,3,-2.4602413909939264e-06,8
277,3,-1.7634933220411904e-06,8
319,2,-1.9047926116010153e-06,8
406,2,-0.8920860945602865,8
361,3,1.9999981867883965,8
175,3,-9.321858088870224e-07,8
160,3,-1.3222149095951654e-06,8
272,3,0.9999976905110178,8
69,1,-1.1232006493762944e-06,8
210,3,1.9999973733807221,8
103,1,-1.6669638961148757e-06,8
119,3,-1.1267035376989463,8
441,2,-1.9228222355593635e-06,8
607,2,-6.270734796780994e-07,8
14,2,0.24491211299200633,8
34,1,-2.0867991975865767e-06,8
506,2,-0.13552221621188942,8
107,2,-2.407725995624899e-06,8
647,3,-7.674748828545378e-07,8
434,1,2.9999988336628873,8
456,3,-4.777343582794211e-07,8
563,4,-0.6287163052881819,8
598,4,-1.0857900528728551e-06,8
594,3,0.9999987923235275,8
27,3,8.50943125292817,8
44,2,-2.40822840064275e-06,8
495,3,1.999998535576626,8
485,3,-1.4245805191020824,8
261,2,-2.0545093057992725,8
351,3,1.9999972565714752,8
267,3,-0.1952045532052431,8
339,1,1.9999993257414352,8
635,2,1.9999981746469535,8
528,1,0.1715717406430689,8
445,2,-1.5477432483079145e-06,8
464,3,-1.1868363808718697e-06,8
444,2,-2.0011254750098497e-06,8
613,3,-8.486905053915162e-07,8
646,3,0.9999988468260702,8
656,4,-1.1631427797343136e-06,8
575,2,-0.8128341975486939,8
104,1,6.107793815448546,8
18,3,-3.0000016693394764,8
367,1,-1.463069405230728e-06,8
480,2,0.9999977455450593,8
82,3,1.999992326612415,8
194,2,-1.616874681239511e-06,8
533,2,0.9999990298173315,8
295,2,0.9999970751389505,8
389,3,0.9999983938093242,8
13,2,-0.8416338418447281,8
158,3,-1.0078456108509248e-06,8
569,2,-3.6243156605233615,8
557,3,0.9534740668660007,8
667,2,-5.019562110254483e-07,8
216,4,-0.5713179599912876,8
80,2,0.9999974473518501,8
228,2,8.49604673095275,8
438,2,-1.1883817151181643e-06,8
26,3,5.999997036541973,8
298,2,1.999999240266194,8
398,4,1.9999985592011202,8
35,1,1.9999986259472218,8
384,3,-1.8810457516511285e-06,8
311,4,1.9999973909643949,8
604,2,-1.1038840442168894e-06,8
629,1,-8.89180876257237e-07,8
297,2,-1.8354670461555184e-06,8
408,2,-2.8209293769267097e-06,8
566,1,8.999997444429033,8
224,2,2.999996936835258,8
578,2,0.9999991466486221,8
540,2,-0.5361897980633058,8
455,3,0.9999977287364458,8
383,3,1.999997943263408,8
198,2,-0.90645869537113,8
165,3,-0.7048273765539865,8
439,2,-0.8400500971740074,8
17,3,-3.2695176455077613e-06,8
435,1,-9.890560425566476e-07,8
504,1,-0.3475321817559692,8
287,1,-2.202479023993694,8
189,2,-1.6087161212520002e-06,8
36,2,2.566768116453234,8
452,3,8.99999697599901,8
1,1,-2.63486371940738e-06,8
508,2,1.9999973401616213,8
661,4,-1.6170858147874965,8
546,3,-9.692766092892064e-07,8
283,4,-0.9467800204537794,8
593,3,1.9999982133970857,8
126,3,1.110526727263728,8
78,2,1.9999985640055093,8
599,4,-0.7339988266413107,8
274,3,1.9999990379566308,8
500,4,-1.0324979071631608e-06,8
466,4,-9.908113063570907e-07,8
230,2,2.492360792655059,8
96,3,-0.5235215861060923,8
644,3,-1.4419779155802904e-06,8
576,2,-5.230381860823977e-07,8
5,2,-2.0667665681694167,8
196,2,-2.4316404414570405e-06,8
249,4,-1.5870151394083252,8
345,2,-1.7861834894801892e-06,8
73,2,-1.7086269737825106e-06,8
379,2,-1.1509159987114544e-06,8
527,4,0.9999980971134611,8
120,3,5.999997942545825,8
225,2,-1.8775027555826342,8
532,2,-1.583598470705043,8
468,4,-0.6972527251644883,8
365,4,-2.1197230845155124e-06,8
630,1,0.999998698994582,8
359,3,1.9999979703441442,8
326,3,-1.0865698082366921,8
195,2,-1.6383662322181573e-06,8
276,3,-2.0120681063649144e-06,8
162,3,0.9999986144093704,8
413,3,2.9999962159722373,8
7,2,-2.9014467690978696e-06,8
641,2,-1.2500407747366262e-06,8
284,4,0.9999978837594566,8
521,3,-1.0889955266029381e-06,8
222,1,2.2648391154989262,8
322,2,0.9999987707354917,8
220,1,0.16801693621528524,8
558,3,-1.2589393194424476e-06,8
640,2,-1.4508359716349544e-06,8
337,4,-1.4030424261703575e-06,8
101,1,0.9999976546157111,8
47,3,6.151822219258702,8
16,3,1.9999966912584253,8
492,3,8.999997185667826,8
125,3,-9.719869556001302e-07,8
3,1,0.9999978073199507,8
321,2,1.0441906098233686,8
638,2,-1.9159511966562242,8
525,4,3.9999971337210143,8
114,2,-0.4751446428053268,8
94,3,1.999998589758265,8
239,3,0.7376800921972548,8
619,3,-1.1814056311593432e-06,8
639,2,-0.6908138283395087,8
329,3,-1.7364216724412926e-06,8
320,2,-1.589270627446556e-06,8
596,4,0.48111370026374345,8
478,2,-2.040938679909176e-06,8
98,4,1.9999985169681276,8
275,3,-0.9024919837922332,8
292,2,-1.722591038809658e-06,8
621,3,-1.0157031342471316e-06,8
209,3,-0.9969445875498473,8
170,3,-1.5215378096845964e-06,8
529,1,-1.3755709051231804e-06,8
19,3,0.9999980164092951,8
65,4,0.9999988411382488,8
154,2,-1.468400389145262e-06,8
130,3,-1.168066026461008e-06,8
617,3,3.6708205235403266,8
282,3,-1.4990795421361509e-06,8
2,1,0.9999979829087822,8
232,2,6.40665644289926,8
15,2,0.9999973838803371,8
547,3,-1.0746540716394624e-06,8
489,3,0.9999979025915533,8
181,4,0.9999989936169003,8
340,1,-1.1469007748372406e-06,8
643,3,-1.966549021813159e-06,8
323,2,1.9999977058273857,8
420,3,0.9999974833928966,8
91,3,3.9999981724555185,8
64,4,2.9999975787719033,8
247,3,1.9999993232708806,8
12,2,0.9999977247315512,8
473,2,-8.090233224159715e-07,8
543,3,-1.407872599146166e-06,8
507,2,-2.456488286234505e-06,8
625,4,1.999998341914017,8
400,1,-1.1095196168457475e-06,8
612,3,-0.37939436184586334,8
313,4,-0.7266532741863003,8
243,3,0.9999989135794597,8
333,3,-1.5168738423669546e-06,8
53,3,4.99999554455544,8
31,4,0.1942311887522854,8
357,3,-1.7085673958589624e-06,8
335,3,1.9999977649730172,8
246,3,-1.1461622029201854,8
57,3,7.999998685527495,8
227,2,-2.3571220023601323e-07,8
25,3,-1.518609646169168e-06,8
537,2,-1.3488320868902972e-07,8
347,2,1.9999984283782763,8
440,2,-3.064197656634419e-06,8
218,4,-1.2319259558062888e-06,8
369,1,-0.38551560330123613,8
499,4,3.999997556246815,8
148,2,8.999997333558635,8
135,4,-0.935597769138572,8
341,1,-9.757771985679419e-07,8
248,3,4.999998377221097,8
407,2,-1.0075675276074125,8
167,3,-8.546716589457767e-07,8
659,2,-2.356592769824335e-06,8
106,2,-0.08653927591690946,8
296,2,-8.025484697473325e-07,8
476,2,1.8352163785609998,8
536,2,-1.3488320868902972e-07,8
108,2,-1.3218462902026238,8
654,4,-1.7560450298139832e-06,8
255,1,0.9999976324821044,8
66,1,-0.742241044079893,8
531,2,-1.7515089376573812e-06,8
289,1,-1.273680860723075e-06,8
85,3,4.412635438102305,8
454,3,-1.1023590475532517e-06,8
393,3,-1.4682786713814749e-06,8
549,3,-6.08633902906175e-07,8
308,3,-0.9922803243590989,8
451,3,-1.4709565922377902e-06,8
39,2,-1.7929197315336417e-06,8
129,3,-1.8033502117970157,8
71,2,10.999998696281834,8
396,3,-0.8303343473197313,8
518,3,1.9999982618710512,8
372,2,9.999997295113685,8
460,3,-1.6504425421424018e-06,8
511,2,-0.16387773881821288,8
349,2,0.9999975571655451,8
271,3,-1.5871502016766998,8
281,3,-0.8898814980634459,8
113,2,-1.827919522042945,8
100,4,-1.5699703222957722e-06,8
539,2,-0.45701235141226065,8
428,3,-1.4532271653720729e-06,8
526,4,-0.9667618951131286,8
551,3,-0.6835573807553567,8
632,2,-8.804364569855815e-07,8
603,2,-1.6392320741225822e-06,8
161,3,-0.45865157290732544,8
556,3,-1.0834938591344366e-06,8
291,2,-0.2502828624845548,8
572,2,-0.7507282240510567,8
560,4,0.9999987562817865,8
45,2,-1.1375738443577987e-06,8
309,3,1.7727654421922794,8
105,1,0.2839582939329719,8
6,2,-3.522620491916745e-06,8
555,3,-1.1586697792805549e-06,8
432,1,2.99999738681955,8
121,3,0.999997818480627,8
190,2,-1.7512577944443118e-06,8
141,1,-1.5342047034949295e-06,8
658,4,-1.8965103799214095e-06,8
516,3,-1.4071598025946996,8
163,3,-4.927063795171051e-07,8
567,1,-1.0568637025142686,8
498,3,1.9999992089302863,8
395,3,0.9999978630113381,8
505,2,4.999998128600148,8
235,3,5.999996572220281,8
534,2,-3.672100326380695e-07,8
312,4,-1.6998032214847997e-06,8
89,3,4.051418403461813,8
327,3,0.9999985820413702,8
30,4,-1.0906537085208948e-06,8
258,2,-2.746976837284176e-06,8
122,3,-0.5919783538876124,8
134,3,-0.7129616605503671,8
602,1,-2.3586659452066087e-06,8
168,3,0.04703533993444908,8
387,3,-0.9368347459534531,8
314,1,-0.9808844176677831,8
346,2,4.999998399003014,8
155,2,-7.590674792294244e-07,8
310,4,-2.282021127781937e-06,8
93,3,-1.2024011642540539e-06,8
660,3,-1.8594514799663144,8
469,1,-1.8542600572782232e-06,8
229,2,-0.6392602067266568,8
242,3,-2.2838115604627384e-06,8
201,3,2.999998566028337,8
552,3,-1.874561321239615e-06,8
193,2,-1.2784139713627114e-06,8
381,3,-2.2414273220914343e-06,8
300,3,1.9999982247610564,8
650,3,1.9999996716477844,8
414,3,-1.649568077538231e-06,8
301,3,0.9999978270077634,8
412,2,-2.113065713544372e-06,8
519,3,-0.4203765587340085,8
205,3,-1.757104287984184,8
172,3,-7.647394029741341e-07,8
618,3,5.99999886411132,8
265,2,0.31494921778245555,8
564,4,0.9999990647275386,8
279,3,-1.6192910568270377e-06,8
257,2,0.9999979694883686,8
565,1,-1.0884009767128335,8
317,2,0.9999968274612855,8
40,2,-2.7575938534227462e-06,8
268,3,1.9999984323318019,8
637,2,-1.080510802760107e-06,8
409,2,1.9999970733385095,8
60,3,-0.5128483442378116,8
429,3,-0.8896850484067567,8
614,3,-1.5524960147053182,8
385,3,5.999998201048886,8
494,3,3.99999718422298,8
211,3,0.9999975609676963,8
394,3,1.9999982019151792,8
488,3,-1.9606623467619748,8
423,3,1.9999973697176634,8
475,2,-0.661378203438808,8
99,4,1.9999974472665933,8
32,1,1.9999982270792138,8
463,3,-1.2191409981752746e-06,8
417,3,1.9999980149336007,8
245,3,-2.737189773939038,8
128,3,5.999998097584716,8
403,2,0.37306847203680626,8
48,3,-0.4993667593084554,8
343,2,-1.9012391464037448,8
561,4,-8.257075676626582e-07,8
490,3,-1.8571789650239607e-06,8
88,3,0.9999988328964587,8
577,2,-7.927843150740382e-07,8
200,3,1.999995721772552,8
112,2,-0.8832312140462816,8
590,3,0.2587727675059489,8
303,3,-1.6131899151195432,8
207,3,0.9999979933293461,8
616,3,-0.692617841307039,8
342,2,-0.13090786343888006,8
581,3,-1.0441923437660542e-06,8
62,3,-7.657197564028171e-07,8
503,1,7.999996976922437,8
132,3,-1.2293852515207376e-06,8
502,1,-1.6196911489527295e-06,8
332,3,-1.7432008017431176e-06,8
418,3,-3.1407525208961534e-06,8
362,4,6.764217021385093,8
278,3,1.9999988703938143,8
649,3,-1.0083799836980209e-06,8
399,1,0.999997317240902,8
178,4,-0.42080063667947215,8
286,4,-1.870501481227268e-06,8
484,2,-1.737591276860076e-06,8
331,3,-1.6259463171585397e-06,8
208,3,-1.506921814346121e-06,8
241,3,-3.255854650744326e-06,8
11,2,1.9999981665037792,8
240,3,-8.504579275890604e-07,8
666,4,-1.7904721196969936e-06,8
541,2,1.999997336235398,8
233,2,1.9999956539833506,8
54,3,5.999995467232883,8
10,2,0.9999980903953631,8
187,2,-1.000001737494192,8
416,3,-1.9046433706931291e-06,8
46,2,-1.8687887061377353e-06,8
144,2,0.9999986085033462,8
591,3,-0.9101536040755223,8
631,2,0.44156124898607896,8
72,2,-1.5495878049032547e-06,8
58,3,7.99999617671727,8
586,3,-1.7984919277842643e-06,8
355,3,0.8139862096200807,8
592,3,0.9999994789961353,8
436,2,7.999996571322049,8
236,3,5.9999965677081795,8
145,2,5.129895380533899,8
61,3,-1.1110905013318542e-06,8
462,3,0.999999238293712,8
509,2,0.9999986562112163,8
49,3,-0.6606969944782963,8
648,3,-1.688657923434998e-06,8
443,2,10.999997390379837,8
449,3,2.999996049369846,8
364,4,-1.154356865238896e-06,8
662,2,-1.3155895503249807e-06,8
611,2,0.43364196560261514,8
171,3,0.9999998826294354,8
665,1,-1.2418170782394423e-06,8
446,2,-8.220925863702699e-07,8
304,3,-1.3333421495104947,8
404,2,-1.2397034723838131e-06,8
623,3,0.9999988580996133,8
116,2,-1.3920878817140279,8
580,3,-1.6232353068697016e-06,8
655,4,0.9999999151311852,8
642,3,-0.9215230270101826,8
59,3,-1.7079451622332237e-06,8
334,3,-1.4705842484972928e-06,8
512,2,1.9999962033169556,8
127,3,-1.1383130611114412e-06,8
411,2,-1.80095236429939e-06,8
477,2,-2.6072574102301836e-06,8
251,4,-3.1757977315918754e-06,8
24,3,-1.7164829591505139e-06,8
263,2,0.23136622037044052,8
570,2,3.9999980528420966,8
336,3,0.9999993187031437,8
226,2,-1.3012701582599482e-06,8
437,2,0.9999988940169066,8
174,3,0.9999992599759852,8
28,3,0.09827762723867106,8
589,3,-1.4355693087997335e-06,8
392,3,0.9999963881005399,8
491,3,1.9999972059649496,8
601,1,-7.906362084624088e-07,8
377,2,-0.68263729018681,8
84,3,-1.5792907719648452,8
471,1,0.18985965710166008,8
179,4,-9.935834711283727e-07,8
663,3,-1.657154087145616,8
67,1,-2.3740194303263423e-06,8
358,3,-1.3457926859814986,8
184,1,-2.3187427731740563e-06,8
199,2,0.46175624786596114,8
41,2,-1.4719122593797338,8
42,2,-0.5396654620665305,8
260,2,-0.6331473900018108,8
425,3,-1.294229431590777e-06,8
450,3,-2.11460821445491e-06,8
376,2,0.9999984542949181,8
29,3,0.3908912503072214,8
330,3,-1.243296410848786e-06,8
378,2,-1.1197512567991642e-06,8
620,3,0.9999990848980103,8
622,3,1.9999995743545806,8
657,4,-0.8219593240577626,8
453,3,-1.0987894374443157,8
517,3,-1.698471263320666e-06,8
405,2,-2.027524155313028e-06,8
8,2,-1.7215698092394858,8
86,3,-1.3714432900863334,8
203,3,1.999998418208127,8
212,3,-1.4256812684706924e-06,8
137,4,-9.133662095174649e-07,8
280,3,-0.7285602821812155,8
186,2,0.9999981223926273,8
252,4,6.999995080153591,8
483,2,-1.7117641233617742e-06,8
597,4,-1.8881209338814824,8
493,3,-1.065330687605557e-06,8
538,2,-4.0987929229510044e-07,8
273,3,-1.6024246493996158e-06,8
238,3,5.999995290257991,8
457,3,-2.264650792742249e-06,8
